-- -------------------------------------------------------------
-- TablePlus 4.2.0(388)
--
-- https://tableplus.com/
--
-- Database: WearableData
-- Generation Time: 2021-10-09 21:54:09.6110
-- -------------------------------------------------------------


/*!40101 SET @OLD_CHARACTER_SET_CLIENT=@@CHARACTER_SET_CLIENT */;
/*!40101 SET @OLD_CHARACTER_SET_RESULTS=@@CHARACTER_SET_RESULTS */;
/*!40101 SET @OLD_COLLATION_CONNECTION=@@COLLATION_CONNECTION */;
/*!40101 SET NAMES utf8mb4 */;
/*!40014 SET @OLD_UNIQUE_CHECKS=@@UNIQUE_CHECKS, UNIQUE_CHECKS=0 */;
/*!40014 SET @OLD_FOREIGN_KEY_CHECKS=@@FOREIGN_KEY_CHECKS, FOREIGN_KEY_CHECKS=0 */;
/*!40101 SET @OLD_SQL_MODE=@@SQL_MODE, SQL_MODE='NO_AUTO_VALUE_ON_ZERO' */;
/*!40111 SET @OLD_SQL_NOTES=@@SQL_NOTES, SQL_NOTES=0 */;


CREATE TABLE `Activep01` (
  `dateTime` text,
  `lightActive` int DEFAULT NULL,
  `moderateActive` int DEFAULT NULL,
  `veryActive` int DEFAULT NULL,
  `ID` int DEFAULT NULL
) ENGINE=InnoDB DEFAULT CHARSET=utf8mb4 COLLATE=utf8mb4_0900_ai_ci;

CREATE TABLE `Caloriesp01` (
  `id` int DEFAULT NULL,
  `dateTime` text,
  `calories` int DEFAULT NULL
) ENGINE=InnoDB DEFAULT CHARSET=utf8mb4 COLLATE=utf8mb4_0900_ai_ci;

CREATE TABLE `DailyHeartp01` (
  `id` int DEFAULT NULL,
  `dateTime` text,
  `averageBpm` int DEFAULT NULL,
  `maxBpm` int DEFAULT NULL,
  `minBpm` int DEFAULT NULL
) ENGINE=InnoDB DEFAULT CHARSET=utf8mb4 COLLATE=utf8mb4_0900_ai_ci;

CREATE TABLE `DailyStepp01` (
  `dateTime` text,
  `steps` int DEFAULT NULL
) ENGINE=InnoDB DEFAULT CHARSET=utf8mb4 COLLATE=utf8mb4_0900_ai_ci;

CREATE TABLE `Distancep01` (
  `id` int DEFAULT NULL,
  `dateTime` text,
  `distance` int DEFAULT NULL
) ENGINE=InnoDB DEFAULT CHARSET=utf8mb4 COLLATE=utf8mb4_0900_ai_ci;

CREATE TABLE `GeneralData` (
  `id` text CHARACTER SET utf8mb4 COLLATE utf8mb4_0900_ai_ci,
  `age` text CHARACTER SET utf8mb4 COLLATE utf8mb4_0900_ai_ci,
  `firstName` text,
  `surname` text,
  `height` text CHARACTER SET utf8mb4 COLLATE utf8mb4_0900_ai_ci,
  `gender` text CHARACTER SET utf8mb4 COLLATE utf8mb4_0900_ai_ci,
  `A or B person` text CHARACTER SET utf8mb4 COLLATE utf8mb4_0900_ai_ci,
  `maxHeartRate` text CHARACTER SET utf8mb4 COLLATE utf8mb4_0900_ai_ci,
  `date` text CHARACTER SET utf8mb4 COLLATE utf8mb4_0900_ai_ci,
  `minutes` text CHARACTER SET utf8mb4 COLLATE utf8mb4_0900_ai_ci,
  `stride walk` text CHARACTER SET utf8mb4 COLLATE utf8mb4_0900_ai_ci,
  `stride run` text CHARACTER SET utf8mb4 COLLATE utf8mb4_0900_ai_ci
) ENGINE=InnoDB DEFAULT CHARSET=utf8mb4 COLLATE=utf8mb4_0900_ai_ci;

CREATE TABLE `Logins` (
  `id` bigint unsigned NOT NULL AUTO_INCREMENT,
  `username` text,
  `password` text,
  PRIMARY KEY (`id`),
  UNIQUE KEY `id` (`id`)
) ENGINE=InnoDB AUTO_INCREMENT=8 DEFAULT CHARSET=utf8mb4 COLLATE=utf8mb4_0900_ai_ci;

CREATE TABLE `Reportingp01` (
  `date` text,
  `timestamp` text,
  `meals` text,
  `weight` int DEFAULT NULL,
  `glasses_of_fluid` int DEFAULT NULL,
  `alcohol_consumed` text
) ENGINE=InnoDB DEFAULT CHARSET=utf8mb4 COLLATE=utf8mb4_0900_ai_ci;

CREATE TABLE `Reportingp02` (
  `date` text,
  `timestamp` text,
  `meals` text,
  `weight` int DEFAULT NULL,
  `glasses_of_fluid` int DEFAULT NULL,
  `alcohol_consumed` text
) ENGINE=InnoDB DEFAULT CHARSET=utf8mb4 COLLATE=utf8mb4_0900_ai_ci;

CREATE TABLE `Sleepp01` (
  `id` int DEFAULT NULL,
  `dateTime` text,
  `startTime` text,
  `endTime` text,
  `minutesSleep` int DEFAULT NULL,
  `minutesAwake` int DEFAULT NULL,
  `timeInBed` int DEFAULT NULL,
  `efficiency` int DEFAULT NULL,
  `deepMinutes` int DEFAULT NULL,
  `wakeMinutes` int DEFAULT NULL,
  `lightMinutes` int DEFAULT NULL,
  `remMinutes` int DEFAULT NULL
) ENGINE=InnoDB DEFAULT CHARSET=utf8mb4 COLLATE=utf8mb4_0900_ai_ci;

CREATE TABLE `WeeklyHeartp01` (
  `dateTime` text,
  `averageBpm` int DEFAULT NULL,
  `maxBpm` int DEFAULT NULL,
  `minBpm` int DEFAULT NULL
) ENGINE=InnoDB DEFAULT CHARSET=utf8mb4 COLLATE=utf8mb4_0900_ai_ci;

CREATE TABLE `Wellnessp01` (
  `effective_time_frame` text,
  `fatigue` int DEFAULT NULL,
  `mood` int DEFAULT NULL,
  `readiness` int DEFAULT NULL,
  `sleep_duration_h` int DEFAULT NULL,
  `sleep_quality` int DEFAULT NULL,
  `soreness` int DEFAULT NULL,
  `soreness_area` text,
  `stress` int DEFAULT NULL
) ENGINE=InnoDB DEFAULT CHARSET=utf8mb4 COLLATE=utf8mb4_0900_ai_ci;

CREATE TABLE `Wellnessp02` (
  `effective_time_frame` text,
  `fatigue` int DEFAULT NULL,
  `mood` int DEFAULT NULL,
  `readiness` int DEFAULT NULL,
  `sleep_duration_h` int DEFAULT NULL,
  `sleep_quality` int DEFAULT NULL,
  `soreness` int DEFAULT NULL,
  `soreness_area` text,
  `stress` int DEFAULT NULL
) ENGINE=InnoDB DEFAULT CHARSET=utf8mb4 COLLATE=utf8mb4_0900_ai_ci;

INSERT INTO `Activep01` (`dateTime`, `lightActive`, `moderateActive`, `veryActive`, `ID`) VALUES
('1/11/19 0:00', 245, 58, 72, 1),
('2/11/19 0:00', 202, 43, 56, 2),
('3/11/19 0:00', 262, 63, 45, 3),
('4/11/19 0:00', 230, 23, 28, 4),
('5/11/19 0:00', 263, 22, 56, 5),
('6/11/19 0:00', 206, 10, 11, 6),
('7/11/19 0:00', 182, 11, 15, 7),
('8/11/19 0:00', 212, 38, 54, 8),
('9/11/19 0:00', 305, 31, 60, 9),
('10/11/19 0:00', 263, 34, 92, 10),
('11/11/19 0:00', 220, 13, 40, 11),
('12/11/19 0:00', 221, 16, 36, 12),
('13/11/19 0:00', 197, 24, 33, 13),
('14/11/19 0:00', 208, 53, 121, 14),
('15/11/19 0:00', 265, 45, 85, 15),
('16/11/19 0:00', 302, 47, 64, 16),
('17/11/19 0:00', 248, 28, 35, 17),
('18/11/19 0:00', 131, 4, 55, 18),
('19/11/19 0:00', 145, 6, 25, 19),
('20/11/19 0:00', 200, 37, 38, 20),
('21/11/19 0:00', 197, 55, 137, 21),
('22/11/19 0:00', 187, 43, 41, 22),
('23/11/19 0:00', 226, 44, 121, 23),
('24/11/19 0:00', 263, 27, 97, 24),
('25/11/19 0:00', 251, 19, 36, 25),
('26/11/19 0:00', 202, 44, 73, 26),
('27/11/19 0:00', 218, 18, 25, 27),
('28/11/19 0:00', 239, 36, 104, 28),
('29/11/19 0:00', 255, 55, 60, 29),
('30/11/19 0:00', 266, 31, 37, 30),
('1/12/19 0:00', 295, 33, 54, 31),
('2/12/19 0:00', 224, 19, 37, 32),
('3/12/19 0:00', 221, 23, 91, 33),
('4/12/19 0:00', 218, 30, 33, 34),
('5/12/19 0:00', 262, 44, 99, 35),
('6/12/19 0:00', 198, 25, 35, 36),
('7/12/19 0:00', 363, 24, 48, 37),
('8/12/19 0:00', 298, 33, 71, 38),
('9/12/19 0:00', 290, 27, 16, 39),
('10/12/19 0:00', 155, 12, 22, 40),
('11/12/19 0:00', 175, 32, 40, 41),
('12/12/19 0:00', 274, 15, 17, 42),
('13/12/19 0:00', 301, 23, 56, 43),
('14/12/19 0:00', 303, 36, 52, 44),
('15/12/19 0:00', 357, 61, 108, 45),
('16/12/19 0:00', 222, 36, 30, 46),
('17/12/19 0:00', 235, 24, 46, 47),
('18/12/19 0:00', 268, 19, 47, 48),
('19/12/19 0:00', 298, 40, 74, 49),
('20/12/19 0:00', 268, 19, 54, 50),
('21/12/19 0:00', 227, 36, 106, 51),
('22/12/19 0:00', 331, 74, 70, 52),
('23/12/19 0:00', 326, 19, 81, 53),
('24/12/19 0:00', 435, 28, 31, 54),
('25/12/19 0:00', 256, 53, 26, 55),
('26/12/19 0:00', 287, 59, 87, 56),
('27/12/19 0:00', 301, 25, 24, 57),
('28/12/19 0:00', 379, 6, 27, 58),
('29/12/19 0:00', 277, 42, 67, 59),
('30/12/19 0:00', 292, 5, 13, 60),
('31/12/19 0:00', 343, 13, 19, 61),
('1/01/20 0:00', 309, 27, 20, 62),
('2/01/20 0:00', 196, 11, 37, 63),
('3/01/20 0:00', 170, 33, 102, 64),
('4/01/20 0:00', 210, 19, 93, 65),
('5/01/20 0:00', 257, 27, 44, 66),
('6/01/20 0:00', 196, 25, 43, 67),
('7/01/20 0:00', 215, 29, 103, 68),
('8/01/20 0:00', 146, 14, 38, 69),
('9/01/20 0:00', 165, 33, 92, 70),
('10/01/20 0:00', 171, 33, 70, 71),
('11/01/20 0:00', 231, 37, 50, 72),
('12/01/20 0:00', 181, 20, 34, 73),
('13/01/20 0:00', 209, 53, 15, 74),
('14/01/20 0:00', 208, 38, 85, 75),
('15/01/20 0:00', 204, 26, 61, 76),
('16/01/20 0:00', 162, 23, 112, 77),
('17/01/20 0:00', 237, 27, 39, 78),
('18/01/20 0:00', 195, 34, 66, 79),
('19/01/20 0:00', 203, 31, 63, 80),
('20/01/20 0:00', 206, 9, 18, 81),
('21/01/20 0:00', 227, 10, 41, 82),
('22/01/20 0:00', 247, 20, 23, 83),
('23/01/20 0:00', 212, 41, 95, 84),
('24/01/20 0:00', 253, 23, 20, 85),
('25/01/20 0:00', 248, 52, 71, 86),
('26/01/20 0:00', 284, 27, 79, 87),
('27/01/20 0:00', 247, 11, 27, 88),
('28/01/20 0:00', 210, 52, 72, 89),
('29/01/20 0:00', 132, 20, 11, 90),
('30/01/20 0:00', 389, 29, 85, 91),
('31/01/20 0:00', 333, 30, 42, 92),
('1/02/20 0:00', 402, 36, 28, 93),
('2/02/20 0:00', 505, 11, 16, 94),
('3/02/20 0:00', 432, 29, 26, 95),
('4/02/20 0:00', 222, 5, 14, 96),
('5/02/20 0:00', 237, 35, 101, 97),
('6/02/20 0:00', 197, 85, 178, 98),
('7/02/20 0:00', 198, 14, 11, 99),
('8/02/20 0:00', 279, 22, 31, 100),
('9/02/20 0:00', 229, 18, 15, 101),
('10/02/20 0:00', 257, 28, 70, 102),
('11/02/20 0:00', 361, 28, 30, 103),
('12/02/20 0:00', 350, 9, 46, 104),
('13/02/20 0:00', 359, 6, 39, 105),
('14/02/20 0:00', 194, 11, 21, 106),
('15/02/20 0:00', 186, 14, 18, 107),
('16/02/20 0:00', 244, 9, 15, 108),
('17/02/20 0:00', 345, 10, 12, 109),
('18/02/20 0:00', 197, 21, 45, 110),
('19/02/20 0:00', 415, 14, 51, 111),
('20/02/20 0:00', 217, 11, 23, 112),
('21/02/20 0:00', 358, 34, 64, 113),
('22/02/20 0:00', 459, 8, 16, 114),
('23/02/20 0:00', 378, 27, 3, 115),
('24/02/20 0:00', 178, 7, 7, 116),
('25/02/20 0:00', 267, 30, 8, 117),
('26/02/20 0:00', 264, 16, 37, 118),
('27/02/20 0:00', 209, 70, 115, 119),
('28/02/20 0:00', 347, 9, 16, 120),
('29/02/20 0:00', 418, 125, 63, 121),
('1/03/20 0:00', 340, 146, 70, 122),
('2/03/20 0:00', 252, 13, 19, 123),
('3/03/20 0:00', 194, 22, 39, 124),
('4/03/20 0:00', 605, 24, 16, 125),
('5/03/20 0:00', 416, 41, 127, 126),
('6/03/20 0:00', 290, 15, 25, 127),
('7/03/20 0:00', 157, 40, 70, 128),
('8/03/20 0:00', 312, 27, 41, 129),
('9/03/20 0:00', 250, 0, 0, 130),
('10/03/20 0:00', 189, 24, 60, 131),
('11/03/20 0:00', 192, 16, 7, 132),
('12/03/20 0:00', 200, 18, 24, 133),
('13/03/20 0:00', 205, 19, 15, 134),
('14/03/20 0:00', 168, 10, 38, 135),
('15/03/20 0:00', 200, 14, 48, 136),
('16/03/20 0:00', 137, 31, 25, 137),
('17/03/20 0:00', 145, 11, 38, 138),
('18/03/20 0:00', 112, 16, 33, 139),
('19/03/20 0:00', 204, 29, 22, 140),
('20/03/20 0:00', 156, 15, 30, 141),
('21/03/20 0:00', 249, 31, 70, 142),
('22/03/20 0:00', 168, 14, 11, 143),
('23/03/20 0:00', 149, 13, 31, 144),
('24/03/20 0:00', 151, 3, 13, 145),
('25/03/20 0:00', 186, 11, 43, 146),
('26/03/20 0:00', 142, 26, 42, 147),
('27/03/20 0:00', 181, 28, 65, 148),
('28/03/20 0:00', 207, 69, 83, 149),
('29/03/20 0:00', 145, 19, 22, 150),
('30/03/20 0:00', 161, 6, 8, 151),
('31/03/20 0:00', 155, 23, 44, 152);

INSERT INTO `Caloriesp01` (`id`, `dateTime`, `calories`) VALUES
(1, '1/11/19', 4009),
(2, '2/11/19', 3534),
(3, '3/11/19', 3749),
(4, '4/11/19', 3353),
(5, '5/11/19', 3795),
(6, '6/11/19', 3192),
(7, '7/11/19', 3144),
(8, '8/11/19', 3640),
(9, '9/11/19', 3913),
(10, '10/11/19', 4014),
(11, '11/11/19', 3614),
(12, '12/11/19', 3386),
(13, '13/11/19', 3313),
(14, '14/11/19', 4556),
(15, '15/11/19', 4156),
(16, '16/11/19', 4010),
(17, '17/11/19', 3480),
(18, '18/11/19', 3395),
(19, '19/11/19', 3002),
(20, '20/11/19', 3381),
(21, '21/11/19', 4533),
(22, '22/11/19', 3372),
(23, '23/11/19', 4451),
(24, '24/11/19', 3930),
(25, '25/11/19', 3489),
(26, '26/11/19', 4021),
(27, '27/11/19', 3238),
(28, '28/11/19', 4367),
(29, '29/11/19', 3914),
(30, '30/11/19', 3411),
(31, '1/12/19', 3664),
(32, '2/12/19', 3357),
(33, '3/12/19', 4262),
(34, '4/12/19', 3474),
(35, '5/12/19', 4357),
(36, '6/12/19', 3254),
(37, '7/12/19', 3863),
(38, '8/12/19', 3978),
(39, '9/12/19', 3430),
(40, '10/12/19', 3024),
(41, '11/12/19', 3363),
(42, '12/12/19', 3415),
(43, '13/12/19', 3859),
(44, '14/12/19', 3775),
(45, '15/12/19', 4430),
(46, '16/12/19', 3358),
(47, '17/12/19', 3599),
(48, '18/12/19', 3736),
(49, '19/12/19', 4082),
(50, '20/12/19', 3661),
(51, '21/12/19', 3939),
(52, '22/12/19', 4316),
(53, '23/12/19', 3997),
(54, '24/12/19', 3962),
(55, '25/12/19', 3455),
(56, '26/12/19', 4476),
(57, '27/12/19', 3358),
(58, '28/12/19', 3820),
(59, '29/12/19', 3896),
(60, '30/12/19', 3150),
(61, '31/12/19', 3477),
(62, '1/1/19', 3563),
(63, '2/1/19', 3170),
(64, '3/1/19', 3955),
(65, '4/1/19', 4092),
(66, '5/1/19', 3378),
(67, '6/1/19', 3284),
(68, '7/1/19', 4238),
(69, '8/1/19', 3046),
(70, '9/1/19', 3795),
(71, '10/1/19', 3556),
(72, '11/1/19', 3463),
(73, '12/1/19', 2981),
(74, '13/1/19', 3355),
(75, '14/1/19', 4091),
(76, '15/1/19', 3598),
(77, '16/1/19', 4079),
(78, '17/1/19', 3500),
(79, '18/1/19', 3863),
(80, '19/1/19', 3409),
(81, '20/1/19', 3111),
(82, '21/1/19', 3382),
(83, '22/1/19', 3375),
(84, '23/1/19', 4140),
(85, '24/1/19', 3430),
(86, '25/1/19', 4190),
(87, '26/1/19', 3864),
(88, '27/1/19', 3330),
(89, '28/1/19', 3721),
(90, '29/1/19', 2726),
(91, '30/1/19', 4399),
(92, '31/1/19', 3786),
(93, '1/2/19', 3890),
(94, '2/2/19', 3784),
(95, '3/2/19', 3720),
(96, '4/2/19', 3043),
(97, '5/2/19', 4363),
(98, '6/2/19', 5226),
(99, '7/2/19', 3007),
(100, '8/2/19', 3578),
(101, '9/2/19', 3140),
(102, '10/2/19', 4161),
(103, '11/2/19', 3559),
(104, '12/2/19', 3474),
(105, '13/2/19', 3875),
(106, '14/2/19', 3216),
(107, '15/2/19', 2984),
(108, '16/2/19', 3000),
(109, '17/2/19', 3526),
(110, '18/2/19', 3080),
(111, '19/2/19', 4070),
(112, '20/2/19', 2981),
(113, '21/2/19', 4415),
(114, '22/2/19', 4015),
(115, '23/2/19', 3583),
(116, '24/2/19', 2909),
(117, '25/2/19', 3386),
(118, '26/2/19', 3748),
(119, '27/2/19', 4698),
(120, '28/2/19', 3630),
(121, '29/2/19', 4958),
(122, '1/3/19', 4791),
(123, '2/3/19', 3267),
(124, '3/3/19', 3221),
(125, '4/3/19', 4094),
(126, '5/3/19', 5053),
(127, '6/3/19', 3368),
(128, '7/3/19', 3444),
(129, '8/3/19', 3568),
(130, '9/3/19', 2952),
(131, '10/3/19', 3753),
(132, '11/3/19', 2893),
(133, '12/3/19', 3187),
(134, '13/3/19', 3052),
(135, '14/3/19', 3207),
(136, '15/3/19', 3233),
(137, '16/3/19', 2878),
(138, '17/3/19', 2932),
(139, '18/3/19', 2839),
(140, '19/3/19', 3178),
(141, '20/3/19', 2902),
(142, '21/3/19', 3749),
(143, '22/3/19', 2785),
(144, '23/3/19', 2855),
(145, '24/3/19', 2799),
(146, '25/3/19', 3160),
(147, '26/3/19', 3104),
(148, '27/3/19', 3384),
(149, '28/3/19', 3968),
(150, '29/3/19', 2833),
(151, '30/3/19', 2697),
(152, '31/3/19', 3176);

INSERT INTO `DailyHeartp01` (`id`, `dateTime`, `averageBpm`, `maxBpm`, `minBpm`) VALUES
(1, '1/11/2019', 66, 140, 46),
(2, '2/11/2019', 63, 122, 44),
(3, '3/11/2019', 65, 132, 45),
(4, '4/11/2019', 64, 126, 44),
(5, '5/11/2019', 67, 163, 44),
(6, '6/11/2019', 64, 125, 46),
(7, '7/11/2019', 64, 143, 46),
(8, '8/11/2019', 66, 129, 47),
(9, '9/11/2019', 65, 117, 46),
(10, '10/11/2019', 65, 140, 45),
(11, '11/11/2019', 68, 167, 47),
(12, '12/11/2019', 64, 134, 45),
(13, '13/11/2019', 62, 119, 44),
(14, '14/11/2019', 70, 161, 46),
(15, '15/11/2019', 67, 141, 46),
(16, '16/11/2019', 66, 163, 43),
(17, '17/11/2019', 61, 131, 43),
(18, '18/11/2019', 68, 171, 43),
(19, '19/11/2019', 63, 129, 45),
(20, '20/11/2019', 64, 128, 47),
(21, '21/11/2019', 70, 162, 45),
(22, '22/11/2019', 63, 139, 45),
(23, '23/11/2019', 73, 178, 46),
(24, '24/11/2019', 64, 172, 45),
(25, '25/11/2019', 62, 121, 43),
(26, '26/11/2019', 71, 173, 44),
(27, '27/11/2019', 60, 132, 43),
(28, '28/11/2019', 67, 151, 43),
(29, '29/11/2019', 64, 159, 44),
(30, '30/11/2019', 60, 129, 44),
(31, '1/12/2019', 61, 124, 42),
(32, '2/12/2019', 61, 115, 43),
(33, '3/12/2019', 71, 171, 43),
(34, '4/12/2019', 64, 133, 45),
(35, '5/12/2019', 69, 154, 45),
(36, '6/12/2019', 62, 128, 44),
(37, '7/12/2019', 63, 136, 44),
(38, '8/12/2019', 62, 123, 44),
(39, '9/12/2019', 63, 138, 44),
(40, '10/12/2019', 61, 129, 43),
(41, '11/12/2019', 64, 132, 45),
(42, '12/12/2019', 67, 133, 50),
(43, '13/12/2019', 67, 124, 47),
(44, '14/12/2019', 65, 148, 49),
(45, '15/12/2019', 68, 120, 47),
(46, '16/12/2019', 64, 128, 46),
(47, '17/12/2019', 65, 154, 44),
(48, '18/12/2019', 66, 125, 44),
(49, '19/12/2019', 66, 123, 46),
(50, '20/12/2019', 66, 143, 46),
(51, '21/12/2019', 65, 126, 44),
(52, '22/12/2019', 67, 141, 45),
(53, '23/12/2019', 63, 156, 44),
(54, '24/12/2019', 65, 138, 43),
(55, '25/12/2019', 60, 117, 43),
(56, '26/12/2019', 71, 181, 44),
(57, '27/12/2019', 59, 110, 43),
(58, '28/12/2019', 64, 125, 46),
(59, '29/12/2019', 66, 128, 43),
(60, '30/12/2019', 61, 117, 45),
(61, '31/12/2019', 62, 117, 45),
(62, '1/1/2020', 61, 125, 44),
(63, '2/1/2020', 61, 129, 46),
(64, '3/1/2020', 70, 164, 44),
(65, '4/1/2020', 73, 179, 44),
(66, '5/1/2020', 61, 122, 43),
(67, '6/1/2020', 62, 116, 44),
(68, '7/1/2020', 73, 168, 46),
(69, '8/1/2020', 61, 130, 44),
(70, '9/1/2020', 67, 156, 46),
(71, '10/1/2020', 65, 163, 45),
(72, '11/1/2020', 61, 122, 45),
(73, '12/1/2020', 58, 118, 42),
(74, '13/1/2020', 66, 123, 45),
(75, '14/1/2020', 70, 174, 44),
(76, '15/1/2020', 63, 144, 45),
(77, '16/1/2020', 68, 162, 44),
(78, '17/1/2020', 64, 151, 45),
(79, '18/1/2020', 72, 164, 44),
(80, '19/1/2020', 63, 134, 46),
(81, '20/1/2020', 62, 155, 43),
(82, '21/1/2020', 61, 125, 42),
(83, '22/1/2020', 61, 145, 43),
(84, '23/1/2020', 69, 191, 46),
(85, '24/1/2020', 64, 153, 45),
(86, '25/1/2020', 73, 171, 44),
(87, '26/1/2020', 62, 142, 44),
(88, '27/1/2020', 62, 123, 44),
(89, '28/1/2020', 64, 123, 42),
(90, '29/1/2020', 59, 123, 44),
(91, '30/1/2020', 67, 157, 43),
(92, '31/1/2020', 66, 137, 47),
(93, '1/2/2020', 66, 129, 47),
(94, '2/2/2020', 64, 148, 46),
(95, '3/2/2020', 63, 125, 45),
(96, '4/2/2020', 60, 146, 44),
(97, '5/2/2020', 74, 177, 45),
(98, '6/2/2020', 77, 165, 46),
(99, '7/2/2020', 61, 123, 45),
(100, '8/2/2020', 63, 125, 42),
(101, '9/2/2020', 58, 110, 44),
(102, '10/2/2020', 75, 183, 46),
(103, '11/2/2020', 63, 122, 36),
(104, '12/2/2020', 61, 129, 35),
(105, '13/2/2020', 68, 157, 44),
(106, '14/2/2020', 69, 116, 51),
(107, '15/2/2020', 65, 118, 44),
(108, '16/2/2020', 60, 125, 45),
(109, '17/2/2020', 65, 135, 45),
(110, '18/2/2020', 61, 131, 47),
(111, '19/2/2020', 63, 142, 43),
(112, '20/2/2020', 58, 133, 42),
(113, '21/2/2020', 71, 175, 44),
(114, '22/2/2020', 64, 131, 33),
(115, '23/2/2020', 60, 120, 44),
(116, '24/2/2020', 61, 121, 45),
(117, '25/2/2020', 64, 116, 44),
(118, '26/2/2020', 71, 179, 48),
(119, '27/2/2020', 73, 166, 30),
(120, '28/2/2020', 68, 121, 43),
(121, '29/2/2020', 75, 139, 44),
(122, '1/3/2020', 69, 133, 42),
(123, '2/3/2020', 61, 117, 42),
(124, '3/3/2020', 62, 176, 46),
(125, '4/3/2020', 64, 130, 45),
(126, '5/3/2020', 74, 163, 42),
(127, '6/3/2020', 63, 133, 42),
(128, '7/3/2020', 63, 129, 43),
(129, '8/3/2020', 61, 131, 41),
(130, '9/3/2020', 58, 111, 33),
(131, '10/3/2020', 75, 170, 42),
(132, '11/3/2020', 63, 120, 36),
(133, '12/3/2020', 61, 133, 43),
(134, '13/3/2020', 58, 131, 42),
(135, '14/3/2020', 66, 166, 33),
(136, '15/3/2020', 60, 140, 43),
(137, '16/3/2020', 57, 127, 40),
(138, '17/3/2020', 59, 136, 38),
(139, '18/3/2020', 59, 131, 41),
(140, '19/3/2020', 58, 127, 35),
(141, '20/3/2020', 58, 120, 33),
(142, '21/3/2020', 63, 134, 31),
(143, '22/3/2020', 59, 113, 42),
(144, '23/3/2020', 56, 126, 44),
(145, '24/3/2020', 60, 136, 44),
(146, '25/3/2020', 60, 122, 43),
(147, '26/3/2020', 61, 124, 43),
(148, '27/3/2020', 61, 134, 44),
(149, '28/3/2020', 65, 133, 46),
(150, '29/3/2020', 59, 121, 44),
(151, '30/3/2020', 59, 142, 45),
(152, '31/3/2020', 63, 140, 45);

INSERT INTO `DailyStepp01` (`dateTime`, `steps`) VALUES
('1/11/2019', 17873),
('2/11/2019', 13118),
('3/11/2019', 14312),
('4/11/2019', 10970),
('5/11/2019', 16186),
('6/11/2019', 8189),
('7/11/2019', 8710),
('8/11/2019', 12888),
('9/11/2019', 16450),
('10/11/2019', 17843),
('11/11/2019', 12519),
('12/11/2019', 10392),
('13/11/2019', 11185),
('14/11/2019', 19220),
('15/11/2019', 18259),
('16/11/2019', 15305),
('17/11/2019', 11916),
('18/11/2019', 8241),
('19/11/2019', 7134),
('20/11/2019', 10116),
('21/11/2019', 19747),
('22/11/2019', 10938),
('23/11/2019', 20704),
('24/11/2019', 16517),
('25/11/2019', 12481),
('26/11/2019', 16428),
('27/11/2019', 10556),
('28/11/2019', 17535),
('29/11/2019', 16209),
('30/11/2019', 10782),
('1/12/2019', 13736),
('2/12/2019', 12224),
('3/12/2019', 18142),
('4/12/2019', 11745),
('5/12/2019', 18234),
('6/12/2019', 10401),
('7/12/2019', 14898),
('8/12/2019', 15805),
('9/12/2019', 11223),
('10/12/2019', 7708),
('11/12/2019', 9855),
('12/12/2019', 10728),
('13/12/2019', 15910),
('14/12/2019', 15348),
('15/12/2019', 21362),
('16/12/2019', 10489),
('17/12/2019', 12437),
('18/12/2019', 14775),
('19/12/2019', 18894),
('20/12/2019', 13110),
('21/12/2019', 17760),
('22/12/2019', 18170),
('23/12/2019', 17227),
('24/12/2019', 13316),
('25/12/2019', 11804),
('26/12/2019', 16891),
('27/12/2019', 10161),
('28/12/2019', 12445),
('29/12/2019', 13699),
('30/12/2019', 10187),
('31/12/2019', 11490),
('1/1/2020', 11847),
('2/1/2020', 10346),
('3/1/2020', 17431),
('4/1/2020', 16170),
('5/1/2020', 11425),
('6/1/2020', 11322),
('7/1/2020', 17638),
('8/1/2020', 8149),
('9/1/2020', 13189),
('10/1/2020', 13733),
('11/1/2020', 13736),
('12/1/2020', 8820),
('13/1/2020', 8564),
('14/1/2020', 17723),
('15/1/2020', 14145),
('16/1/2020', 13888),
('17/1/2020', 12501),
('18/1/2020', 13480),
('19/1/2020', 13255),
('20/1/2020', 7492),
('21/1/2020', 11684),
('22/1/2020', 10162),
('23/1/2020', 15169),
('24/1/2020', 10721),
('25/1/2020', 18231),
('26/1/2020', 18422),
('27/1/2020', 9026),
('28/1/2020', 14473),
('29/1/2020', 4749),
('30/1/2020', 14398),
('31/1/2020', 12231),
('1/2/2020', 14409),
('2/2/2020', 11652),
('3/2/2020', 10754),
('4/2/2020', 8898),
('5/2/2020', 18685),
('6/2/2020', 24846),
('7/2/2020', 8131),
('8/2/2020', 14197),
('9/2/2020', 8963),
('10/2/2020', 15052),
('11/2/2020', 10533),
('12/2/2020', 10839),
('13/2/2020', 13617),
('14/2/2020', 7819),
('15/2/2020', 6833),
('16/2/2020', 8837),
('17/2/2020', 10674),
('18/2/2020', 10533),
('19/2/2020', 18691),
('20/2/2020', 7720),
('21/2/2020', 17992),
('22/2/2020', 15947),
('23/2/2020', 12227),
('24/2/2020', 7427),
('25/2/2020', 7365),
('26/2/2020', 12554),
('27/2/2020', 19534),
('28/2/2020', 12513),
('29/2/2020', 21999),
('1/3/2020', 21553),
('2/3/2020', 11335),
('3/3/2020', 10117),
('4/3/2020', 13093),
('5/3/2020', 20119),
('6/3/2020', 10480),
('7/3/2020', 12847),
('8/3/2020', 13115),
('9/3/2020', 7240),
('10/3/2020', 13280),
('11/3/2020', 8855),
('12/3/2020', 9835),
('13/3/2020', 8744),
('14/3/2020', 9026),
('15/3/2020', 9937),
('16/3/2020', 6939),
('17/3/2020', 7952),
('18/3/2020', 6403),
('19/3/2020', 8331),
('20/3/2020', 7189),
('21/3/2020', 14653),
('22/3/2020', 4773),
('23/3/2020', 5897),
('24/3/2020', 5439),
('25/3/2020', 9121),
('26/3/2020', 7357),
('27/3/2020', 11532),
('28/3/2020', 16448),
('29/3/2020', 6698),
('30/3/2020', 4761),
('31/3/2020', 9351);

INSERT INTO `Distancep01` (`id`, `dateTime`, `distance`) VALUES
(1, '1/11/19', 14),
(2, '2/11/19', 11),
(3, '3/11/19', 11),
(4, '4/11/19', 9),
(5, '5/11/19', 14),
(6, '6/11/19', 7),
(7, '7/11/19', 7),
(8, '8/11/19', 10),
(9, '9/11/19', 13),
(10, '10/11/19', 14),
(11, '11/11/19', 11),
(12, '12/11/19', 8),
(13, '13/11/19', 9),
(14, '14/11/19', 15),
(15, '15/11/19', 15),
(16, '16/11/19', 12),
(17, '17/11/19', 10),
(18, '18/11/19', 7),
(19, '19/11/19', 6),
(20, '20/11/19', 8),
(21, '21/11/19', 16),
(22, '22/11/19', 9),
(23, '23/11/19', 17),
(24, '24/11/19', 13),
(25, '25/11/19', 10),
(26, '26/11/19', 14),
(27, '27/11/19', 9),
(28, '28/11/19', 14),
(29, '29/11/19', 13),
(30, '30/11/19', 9),
(31, '1/12/19', 11),
(32, '2/12/19', 10),
(33, '3/12/19', 16),
(34, '4/12/19', 9),
(35, '5/12/19', 15),
(36, '6/12/19', 8),
(37, '7/12/19', 12),
(38, '8/12/19', 13),
(39, '9/12/19', 9),
(40, '10/12/19', 6),
(41, '11/12/19', 8),
(42, '12/12/19', 9),
(43, '13/12/19', 13),
(44, '14/12/19', 12),
(45, '15/12/19', 17),
(46, '16/12/19', 8),
(47, '17/12/19', 10),
(48, '18/12/19', 12),
(49, '19/12/19', 15),
(50, '20/12/19', 11),
(51, '21/12/19', 14),
(52, '22/12/19', 15),
(53, '23/12/19', 14),
(54, '24/12/19', 11),
(55, '25/12/19', 10),
(56, '26/12/19', 14),
(57, '27/12/19', 8),
(58, '28/12/19', 10),
(59, '29/12/19', 11),
(60, '30/12/19', 8),
(61, '31/12/19', 9),
(62, '1/1/20', 10),
(63, '2/1/20', 8),
(64, '3/1/20', 15),
(65, '4/1/20', 14),
(66, '5/1/20', 9),
(67, '6/1/20', 9),
(68, '7/1/20', 15),
(69, '8/1/20', 7),
(70, '9/1/20', 11),
(71, '10/1/20', 11),
(72, '11/1/20', 11),
(73, '12/1/20', 7),
(74, '13/1/20', 7),
(75, '14/1/20', 15),
(76, '15/1/20', 11),
(77, '16/1/20', 11),
(78, '17/1/20', 10),
(79, '18/1/20', 12),
(80, '19/1/20', 11),
(81, '20/1/20', 6),
(82, '21/1/20', 9),
(83, '22/1/20', 8),
(84, '23/1/20', 12),
(85, '24/1/20', 9),
(86, '25/1/20', 16),
(87, '26/1/20', 15),
(88, '27/1/20', 7),
(89, '28/1/20', 12),
(90, '29/1/20', 4),
(91, '30/1/20', 12),
(92, '31/1/20', 10),
(93, '1/2/20', 12),
(94, '2/2/20', 9),
(95, '3/2/20', 9),
(96, '4/2/20', 7),
(97, '5/2/20', 16),
(98, '6/2/20', 21),
(99, '7/2/20', 7),
(100, '8/2/20', 11),
(101, '9/2/20', 7),
(102, '10/2/20', 13),
(103, '11/2/20', 8),
(104, '12/2/20', 9),
(105, '13/2/20', 12),
(106, '14/2/20', 6),
(107, '15/2/20', 6),
(108, '16/2/20', 7),
(109, '17/2/20', 9),
(110, '18/2/20', 8),
(111, '19/2/20', 15),
(112, '20/2/20', 6),
(113, '21/2/20', 15),
(114, '22/2/20', 13),
(115, '23/2/20', 10),
(116, '24/2/20', 6),
(117, '25/2/20', 6),
(118, '26/2/20', 11),
(119, '27/2/20', 16),
(120, '28/2/20', 10),
(121, '29/2/20', 18),
(122, '1/3/20', 17),
(123, '2/3/20', 9),
(124, '3/3/20', 8),
(125, '4/3/20', 11),
(126, '5/3/20', 17),
(127, '6/3/20', 8),
(128, '7/3/20', 10),
(129, '8/3/20', 11),
(130, '9/3/20', 6),
(131, '10/3/20', 11),
(132, '11/3/20', 7),
(133, '12/3/20', 8),
(134, '13/3/20', 7),
(135, '14/3/20', 8),
(136, '15/3/20', 8),
(137, '16/3/20', 6),
(138, '17/3/20', 6),
(139, '18/3/20', 5),
(140, '19/3/20', 7),
(141, '20/3/20', 6),
(142, '21/3/20', 12),
(143, '22/3/20', 4),
(144, '23/3/20', 5),
(145, '24/3/20', 4),
(146, '25/3/20', 7),
(147, '26/3/20', 6),
(148, '27/3/20', 9),
(149, '28/3/20', 13),
(150, '29/3/20', 5),
(151, '30/3/20', 4),
(152, '31/3/20', 7);

INSERT INTO `GeneralData` (`id`, `age`, `firstName`, `surname`, `height`, `gender`, `A or B person`, `maxHeartRate`, `date`, `minutes`, `stride walk`, `stride run`) VALUES
('p01', '48', 'Jerry', 'Smith', '195', 'Male', 'A', '182', '26/11/19', '29', '33', '80.9'),
('p02', '60', 'Jack', 'Jones', '180', 'Male', 'A', '169', '15/12/19', '23', '51', '74.7'),
('p03', '25', 'Peter', 'White', '184', 'Male', 'A', '157', '30/12/19', '33', '22', ''),
('p04', '26', 'Sarah', 'Taylor', '163', 'Female', 'A', '195', '19/11/19', '22', '13', '67.3'),
('p05', '35', 'David', 'Banes', '176', 'Male', 'A', '184', '23/12/19', '32', '40', '73'),
('p06', '42', 'Arthur', 'Lane', '179', 'Male', 'B', '181', '1/12/19', '23', '73.04', '97.6');

INSERT INTO `Logins` (`id`, `username`, `password`) VALUES
(1, 'p01', 'password'),
(2, 'p02', 'password'),
(3, 'p03', 'password'),
(4, 'p04', 'password'),
(5, 'p05', 'password'),
(6, 'p06', 'password'),
(7, 'admin', 'password');

INSERT INTO `Reportingp01` (`date`, `timestamp`, `meals`, `weight`, `glasses_of_fluid`, `alcohol_consumed`) VALUES
('06/11/2019', '06/12/2019 21:58:30', 'Breakfast, Dinner', 100, 7, 'No'),
('09/11/2019', '09/12/2019 21:17:02', 'Breakfast, Evening', 100, 6, 'No'),
('10/11/2019', '10/12/2019 21:52:58', 'Breakfast, Lunch, Dinner', 100, 9, 'No'),
('11/11/2019', '11/11/2019 22:36:30', 'Breakfast, Dinner', 100, 5, 'No'),
('12/11/2019', '13/11/2019 00:15:47', 'Breakfast, Lunch, Dinner', 100, 7, 'No'),
('13/11/2019', '13/11/2019 22:08:03', 'Breakfast, Dinner, Evening', 100, 6, 'No'),
('14/11/2019', '15/11/2019 00:00:47', 'Breakfast, Lunch, Dinner, Evening', 100, 8, 'No'),
('15/11/2019', '15/12/2019 23:20:39', 'Breakfast, Lunch, Dinner', 100, 9, 'No'),
('15/11/2019', '15/11/2019 23:38:30', 'Breakfast, Lunch, Dinner', 100, 8, 'No'),
('16/11/2019', '16/11/2019 21:16:28', 'Breakfast, Dinner', 100, 9, 'No'),
('16/11/2019', '16/12/2019 22:10:40', 'Breakfast, Lunch, Dinner', 100, 8, 'No'),
('17/11/2019', '17/12/2019 21:21:57', 'Breakfast, Lunch, Dinner', 101, 10, 'No'),
('17/11/2019', '17/11/2019 21:44:44', 'Breakfast, Dinner, Evening', 100, 7, 'No'),
('18/11/2019', '19/12/2019 00:53:22', 'Breakfast, Lunch, Dinner', 101, 11, 'No'),
('18/11/2019', '18/11/2019 21:16:20', 'Breakfast, Lunch, Dinner', 100, 11, 'No'),
('20/11/2019', '20/11/2019 23:38:48', 'Breakfast, Lunch, Dinner, Evening', 102, 6, 'No'),
('21/11/2019', '22/12/2019 08:09:49', 'Breakfast, Dinner', 100, 11, 'No'),
('21/11/2019', '22/11/2019 00:14:07', 'Breakfast, Lunch, Dinner', 101, 9, 'No'),
('22/11/2019', '23/12/2019 09:30:56', 'Breakfast, Dinner', 100, 13, 'No'),
('22/11/2019', '22/11/2019 21:21:39', 'Breakfast, Dinner, Evening', 100, 7, 'No'),
('23/11/2019', '23/11/2019 22:22:44', 'Breakfast, Dinner, Evening', 102, 8, 'No'),
('24/11/2019', '24/11/2019 23:13:07', 'Breakfast, Lunch, Dinner, Evening', 101, 9, 'No'),
('25/11/2019', '25/11/2019 23:39:24', 'Breakfast, Lunch, Dinner, Evening', 101, 7, 'No'),
('26/11/2019', '27/11/2019 06:54:41', 'Breakfast, Lunch, Dinner, Evening', 101, 8, 'No'),
('27/11/2019', '27/11/2019 23:56:07', 'Breakfast, Lunch, Dinner', 102, 8, 'No'),
('28/11/2019', '28/11/2019 22:23:32', 'Breakfast, Dinner, Evening', 100, 7, 'No'),
('29/11/2019', '29/11/2019 23:19:45', 'Breakfast, Lunch, Dinner', 100, 8, 'No'),
('30/11/2019', '30/11/2019 21:16:01', 'Breakfast, Lunch, Dinner', 100, 13, 'No'),
('01/12/2019', '01/12/2019 22:11:06', 'Breakfast, Lunch, Dinner', 100, 8, 'No'),
('02/12/2019', '02/12/2019 23:57:19', 'Breakfast, Lunch, Dinner', 100, 8, 'No'),
('03/12/2019', '04/12/2019 00:01:58', 'Breakfast, Dinner', 100, 7, 'No'),
('07/12/2019', '07/12/2019 23:58:10', 'Breakfast, Dinner', 100, 7, 'No'),
('11/12/2019', '12/12/2019 00:17:09', 'Breakfast, Dinner', 100, 10, 'No'),
('13/12/2019', '14/12/2019 00:05:42', 'Breakfast, Dinner', 100, 9, 'No'),
('25/12/2019', '25/12/2019 21:16:05', 'Breakfast, Dinner', 101, 9, 'No'),
('27/12/2019', '27/12/2019 21:41:03', 'Breakfast, Dinner', 101, 10, 'No'),
('28/12/2019', '28/12/2019 23:26:17', 'Breakfast, Dinner', 101, 9, 'No'),
('29/12/2019', '29/12/2019 21:01:11', 'Breakfast, Dinner', 101, 10, 'No'),
('01/01/2020', '02/01/2020 09:11:37', 'Breakfast, Dinner', 101, 6, 'No'),
('05/01/2020', '06/01/2020 06:25:13', 'Breakfast, Dinner', 100, 9, 'No'),
('07/01/2020', '07/01/2020 23:28:23', 'Breakfast, Dinner', 101, 8, 'No'),
('10/01/2020', '10/01/2020 22:55:08', 'Breakfast, Lunch, Dinner', 101, 8, 'No'),
('11/01/2020', '11/01/2020 22:50:11', 'Breakfast, Lunch, Dinner', 101, 10, 'No'),
('14/01/2020', '14/01/2020 22:43:37', 'Breakfast, Lunch, Evening', 101, 9, 'No'),
('15/01/2020', '15/01/2020 21:37:02', 'Breakfast, Lunch, Dinner', 100, 7, 'No'),
('17/01/2020', '19/01/2020 00:21:57', 'Breakfast, Dinner', 99, 8, 'No'),
('18/01/2020', '19/01/2020 00:22:40', 'Breakfast, Dinner, Evening', 99, 10, 'No'),
('20/01/2020', '20/01/2020 23:38:54', 'Breakfast, Dinner, Evening', 101, 8, 'No'),
('24/01/2020', '24/01/2020 22:39:54', 'Lunch, Dinner', 100, 7, 'No'),
('28/01/2020', '29/01/2020 12:39:17', 'Breakfast, Dinner', 100, 8, 'No'),
('29/01/2020', '29/01/2020 18:53:24', 'Breakfast, Lunch, Dinner', 100, 7, 'No'),
('30/01/2020', '31/01/2020 00:00:06', 'Breakfast, Lunch', 100, 7, 'No'),
('31/01/2020', '01/02/2020 11:03:14', 'Breakfast, Dinner', 100, 8, 'No'),
('01/02/2020', '01/02/2020 20:59:08', 'Breakfast, Dinner', 100, 9, 'No'),
('02/02/2020', '02/02/2020 23:01:27', 'Breakfast, Lunch, Dinner, Evening', 102, 7, 'No'),
('03/02/2020', '03/02/2020 23:57:39', 'Breakfast, Lunch, Dinner, Evening', 101, 8, 'No'),
('04/02/2020', '04/02/2020 21:49:23', 'Breakfast, Lunch, Evening', 101, 7, 'No'),
('05/02/2020', '05/02/2020 21:58:34', 'Breakfast, Lunch, Dinner', 101, 8, 'No'),
('06/02/2020', '07/02/2020 06:53:38', 'Breakfast, Lunch, Dinner, Evening', 100, 11, 'No'),
('07/02/2020', '07/02/2020 23:10:57', 'Breakfast, Lunch, Dinner', 101, 8, 'No'),
('08/02/2020', '09/02/2020 00:30:27', 'Breakfast, Dinner, Evening', 100, 8, 'No'),
('09/02/2020', '09/02/2020 21:31:36', 'Lunch, Dinner', 100, 7, 'No'),
('10/02/2020', '10/02/2020 22:44:39', 'Breakfast, Lunch, Dinner', 100, 8, 'No'),
('11/02/2020', '11/02/2020 21:37:47', 'Breakfast, Dinner', 100, 8, 'No'),
('12/02/2020', '12/02/2020 21:19:25', 'Breakfast, Lunch, Dinner', 100, 8, 'No'),
('13/02/2020', '14/02/2020 00:04:55', 'Breakfast, Dinner, Evening', 100, 9, 'No'),
('14/02/2020', '15/02/2020 00:09:39', 'Breakfast, Dinner', 99, 8, 'No'),
('15/02/2020', '15/02/2020 23:26:54', 'Lunch, Dinner', 99, 7, 'No'),
('16/02/2020', '16/02/2020 21:36:00', 'Breakfast, Dinner', 100, 6, 'No'),
('17/02/2020', '18/02/2020 00:06:35', 'Breakfast, Lunch, Evening', 100, 9, 'No'),
('18/02/2020', '18/02/2020 22:57:04', 'Breakfast, Dinner', 100, 7, 'No'),
('19/02/2020', '19/02/2020 23:48:13', 'Breakfast, Dinner', 101, 9, 'No'),
('20/02/2020', '21/02/2020 01:17:59', 'Breakfast, Evening', 100, 8, 'No'),
('21/02/2020', '22/02/2020 00:56:10', 'Breakfast, Dinner, Evening', 100, 10, 'No'),
('22/02/2020', '22/02/2020 23:38:36', 'Breakfast, Dinner', 101, 7, 'No'),
('24/02/2020', '24/02/2020 00:07:22', 'Breakfast, Lunch, Dinner', 102, 8, 'No'),
('24/02/2020', '25/02/2020 00:15:28', 'Breakfast, Lunch, Dinner', 100, 7, 'No'),
('25/02/2020', '26/02/2020 00:18:44', 'Breakfast, Lunch, Evening', 101, 9, 'No'),
('26/02/2020', '26/02/2020 23:22:13', 'Breakfast, Dinner, Evening', 100, 8, 'No'),
('27/02/2020', '27/02/2020 23:49:08', 'Breakfast, Dinner, Evening', 100, 10, 'No'),
('28/02/2020', '29/02/2020 00:47:00', 'Breakfast, Lunch, Dinner, Evening', 100, 8, 'No'),
('29/02/2020', '01/03/2020 01:25:12', 'Breakfast, Dinner', 101, 10, 'No'),
('02/03/2020', '02/03/2020 23:20:23', 'Breakfast, Lunch, Dinner', NULL, 7, 'No'),
('03/03/2020', '03/03/2020 23:09:04', 'Breakfast, Dinner, Evening', NULL, 7, 'No'),
('04/03/2020', '04/03/2020 23:18:44', 'Breakfast, Lunch, Dinner', NULL, 8, 'No'),
('05/03/2020', '05/03/2020 23:14:16', 'Breakfast, Lunch, Dinner', NULL, 8, 'No'),
('06/03/2020', '07/03/2020 00:08:08', 'Breakfast, Lunch, Dinner', NULL, 9, 'No'),
('07/03/2020', '08/03/2020 00:01:03', 'Lunch, Dinner, Evening', NULL, 10, 'No'),
('08/03/2020', '09/03/2020 00:07:31', 'Breakfast, Lunch, Dinner', NULL, 8, 'No'),
('10/03/2020', '11/03/2020 00:00:57', 'Breakfast, Lunch, Dinner', NULL, 8, 'No'),
('11/03/2020', '11/03/2020 00:01:33', 'Breakfast, Lunch, Dinner, Evening', NULL, 9, 'No'),
('11/03/2020', '12/03/2020 00:33:38', 'Breakfast, Dinner', NULL, 7, 'No'),
('12/03/2020', '12/03/2020 23:09:43', 'Lunch, Dinner', NULL, 8, 'No'),
('13/03/2020', '13/03/2020 23:54:13', 'Breakfast, Dinner', NULL, 6, 'No'),
('14/03/2020', '15/03/2020 00:12:22', 'Breakfast, Lunch, Evening', NULL, 7, 'No'),
('15/03/2020', '15/03/2020 23:52:32', 'Breakfast, Dinner, Evening', NULL, 8, 'No'),
('16/03/2020', '17/03/2020 08:13:29', 'Breakfast, Dinner, Evening', NULL, 6, 'No'),
('17/03/2020', '17/03/2020 23:52:30', 'Breakfast, Dinner, Evening', NULL, 7, 'No'),
('18/03/2020', '19/03/2020 00:07:45', 'Lunch, Dinner', NULL, 7, 'No'),
('20/03/2020', '21/03/2020 00:04:36', 'Breakfast, Lunch, Dinner', NULL, 9, 'No'),
('21/03/2020', '22/03/2020 00:14:23', 'Breakfast, Dinner', NULL, 8, 'No'),
('23/03/2020', '23/03/2020 23:42:04', 'Lunch, Evening', NULL, 6, 'No'),
('25/03/2020', '26/03/2020 00:04:21', 'Breakfast, Dinner', NULL, 7, 'No'),
('26/03/2020', '27/03/2020 02:19:51', 'Breakfast, Dinner', NULL, 7, 'No'),
('27/03/2020', '28/03/2020 00:52:18', 'Breakfast, Dinner', NULL, 8, 'No'),
('28/03/2020', '29/03/2020 00:33:43', 'Breakfast, Dinner', NULL, 8, 'No'),
('29/03/2020', '01/03/2020 23:13:54', 'Breakfast, Lunch, Dinner', NULL, 8, 'No'),
('29/03/2020', '30/03/2020 09:23:46', 'Breakfast, Dinner, Evening', NULL, 7, 'No'),
('30/03/2020', '31/03/2020 00:37:46', 'Breakfast, Lunch, Dinner', NULL, 7, 'No');

INSERT INTO `Reportingp02` (`date`, `timestamp`, `meals`, `weight`, `glasses_of_fluid`, `alcohol_consumed`) VALUES
('15/11/2019', '17/11/2019 19:09:10', 'Breakfast, Lunch, Dinner', 90, 6, 'Yes'),
('16/11/2019', '17/11/2019 19:10:38', 'Breakfast, Lunch, Dinner', 90, 6, 'Yes'),
('17/11/2019', '17/11/2019 19:11:36', 'Breakfast, Dinner', 90, 5, 'No'),
('17/11/2019', '17/11/2019 22:30:36', 'Breakfast, Dinner', 90, 5, 'No'),
('17/11/2019', '18/11/2019 21:15:25', 'Breakfast, Dinner', 90, 5, 'No'),
('18/11/2019', '18/11/2019 21:16:46', 'Breakfast, Dinner, Evening', 90, 7, 'No'),
('19/11/2019', '19/11/2019 22:28:17', 'Breakfast, Dinner', 90, 6, 'No'),
('19/11/2019', '20/11/2019 21:31:47', 'Breakfast, Dinner', 90, 6, 'No'),
('20/11/2019', '20/11/2019 21:32:36', 'Breakfast, Lunch, Dinner', 90, 7, 'Yes'),
('23/11/2019', '24/11/2019 16:21:02', 'Breakfast, Lunch, Evening', 90, 12, 'Yes'),
('24/11/2019', '24/11/2019 21:16:17', 'Breakfast, Dinner', 90, 9, 'No'),
('25/11/2019', '25/11/2019 21:16:10', 'Breakfast, Dinner, Evening', 90, 11, 'No'),
('25/11/2019', '26/11/2019 21:39:06', 'Breakfast, Dinner, Evening', 90, 11, 'No'),
('26/11/2019', '26/11/2019 21:39:56', 'Breakfast, Dinner', 90, 11, 'No'),
('27/11/2019', '28/11/2019 09:19:46', 'Breakfast, Dinner, Evening', 90, 11, 'No'),
('27/11/2019', '28/11/2019 17:27:29', 'Breakfast, Dinner, Evening', 90, 11, 'No'),
('27/11/2019', '28/11/2019 21:36:32', 'Breakfast, Dinner, Evening', 90, 11, 'No'),
('28/11/2019', '28/11/2019 21:37:52', 'Breakfast, Dinner', 90, 10, 'Yes'),
('28/11/2019', '29/11/2019 19:08:00', 'Breakfast, Dinner', 90, 10, 'Yes'),
('29/11/2019', '29/11/2019 21:19:44', 'Breakfast, Dinner', 90, 13, 'Yes'),
('30/11/2019', '01/12/2019 16:05:00', 'Breakfast, Evening', 91, 12, 'Yes'),
('30/11/2019', '02/12/2019 20:53:52', 'Breakfast, Evening', 91, 12, 'Yes'),
('02/12/2019', '02/12/2019 20:54:43', 'Breakfast, Lunch, Dinner, Evening', 91, 12, 'No'),
('04/12/2019', '04/12/2019 18:54:59', 'Breakfast, Lunch, Dinner', 91, 10, 'No'),
('04/12/2019', '06/12/2019 21:16:43', 'Breakfast, Lunch, Dinner', 91, 10, 'No'),
('06/12/2019', '06/12/2019 21:17:31', 'Breakfast, Dinner', 91, 9, 'Yes'),
('06/12/2019', '08/12/2019 22:02:38', 'Breakfast, Dinner', 91, 9, 'Yes'),
('08/12/2019', '08/12/2019 22:04:10', 'Breakfast, Dinner', 91, 13, 'No'),
('08/12/2019', '14/12/2019 18:11:06', 'Breakfast, Dinner', 91, 13, 'No'),
('10/12/2019', '11/12/2019 21:03:01', 'Breakfast, Lunch, Dinner', 91, 12, 'No'),
('10/12/2019', '30/12/2019 22:49:48', 'Breakfast, Lunch, Dinner', 91, 12, 'No'),
('11/12/2019', '11/12/2019 21:02:04', 'Breakfast, Dinner', 91, 10, 'No'),
('12/12/2019', '16/12/2019 22:15:57', 'Breakfast, Dinner, Evening', 91, 11, 'No'),
('12/12/2019', '17/12/2019 19:03:42', 'Breakfast, Dinner, Evening', 91, 11, 'No'),
('12/12/2019', '19/12/2019 08:13:11', 'Breakfast, Dinner, Evening', 91, 11, 'No'),
('13/12/2019', '14/12/2019 18:12:25', 'Breakfast, Evening', 91, 13, 'Yes'),
('13/12/2019', '14/12/2019 21:19:11', 'Breakfast, Evening', 91, 13, 'Yes'),
('14/12/2019', '14/12/2019 21:20:00', 'Breakfast, Evening', 91, 11, 'Yes'),
('14/12/2019', '15/12/2019 22:48:28', 'Breakfast, Evening', 91, 11, 'Yes'),
('14/12/2019', '16/12/2019 22:15:04', 'Breakfast, Evening', 91, 11, 'Yes'),
('18/12/2019', '19/12/2019 08:13:57', 'Breakfast, Evening', 91, 13, 'Yes'),
('18/12/2019', '19/12/2019 21:31:59', 'Breakfast, Evening', 91, 13, 'Yes'),
('19/12/2019', '19/12/2019 21:32:52', 'Breakfast, Lunch, Dinner', 91, 12, 'No'),
('19/12/2019', '20/12/2019 21:22:28', 'Breakfast, Lunch, Dinner', 91, 12, 'No'),
('20/12/2019', '20/12/2019 21:23:14', 'Breakfast, Evening', 91, 13, 'Yes'),
('20/12/2019', '21/12/2019 19:49:09', 'Breakfast, Evening', 91, 13, 'Yes'),
('21/12/2019', '21/12/2019 19:50:36', 'Breakfast, Dinner', 91, 13, 'Yes'),
('21/12/2019', '23/12/2019 20:50:28', 'Breakfast, Dinner', 91, 13, 'Yes'),
('23/12/2019', '23/12/2019 20:51:40', 'Breakfast, Evening', 91, 11, 'Yes'),
('23/12/2019', '24/12/2019 09:55:50', 'Breakfast, Evening', 91, 11, 'Yes'),
('23/12/2019', '27/12/2019 21:15:32', 'Breakfast, Evening', 91, 11, 'Yes'),
('27/12/2019', '27/12/2019 21:16:44', 'Breakfast, Dinner', 91, 10, 'No'),
('27/12/2019', '28/12/2019 12:11:16', 'Breakfast, Dinner', 91, 10, 'No'),
('27/12/2019', '23/03/2020 18:35:04', 'Breakfast, Dinner', 91, 10, 'No'),
('30/12/2019', '30/12/2019 22:51:21', 'Breakfast, Dinner', 91, 12, 'No'),
('30/12/2019', '31/12/2019 00:40:40', 'Breakfast, Dinner', 91, 12, 'No'),
('30/12/2019', '02/01/2020 15:53:09', 'Breakfast, Dinner', 91, 12, 'No'),
('02/01/2020', '02/01/2020 15:54:05', 'Breakfast, Lunch, Dinner', 91, 12, 'No'),
('02/01/2020', '05/01/2020 15:26:01', 'Breakfast, Lunch, Dinner', 91, 12, 'No'),
('03/01/2020', '03/02/2020 17:18:05', 'Breakfast, Dinner', 92, 10, 'No'),
('03/01/2020', '05/02/2020 21:30:30', 'Breakfast, Dinner', 92, 10, 'No'),
('04/01/2020', '05/01/2020 15:27:05', 'Breakfast, Lunch, Evening', 92, 12, 'No'),
('05/01/2020', '06/01/2020 21:27:24', 'Breakfast, Dinner', 92, 11, 'No'),
('06/01/2020', '06/01/2020 21:28:04', 'Breakfast, Dinner, Evening', 92, 10, 'No'),
('06/01/2020', '08/01/2020 21:07:07', 'Breakfast, Dinner, Evening', 92, 10, 'No'),
('07/01/2020', '08/01/2020 21:08:01', 'Breakfast, Dinner, Evening', 92, 11, 'No'),
('08/01/2020', '08/01/2020 21:08:43', 'Breakfast, Lunch, Dinner', 92, 11, 'No'),
('08/01/2020', '09/01/2020 21:37:40', 'Breakfast, Lunch, Dinner', 92, 11, 'No'),
('09/01/2020', '09/01/2020 21:38:36', 'Breakfast, Dinner', 92, 10, 'No'),
('09/01/2020', '10/01/2020 21:21:03', 'Breakfast, Dinner', 92, 10, 'No'),
('10/01/2020', '10/01/2020 21:21:59', 'Breakfast, Evening', 92, 10, 'Yes'),
('10/01/2020', '12/01/2020 21:15:23', 'Breakfast, Evening', 92, 10, 'Yes'),
('12/01/2020', '12/01/2020 21:17:01', 'Breakfast, Evening', 92, 11, 'No'),
('12/01/2020', '13/01/2020 21:35:41', 'Breakfast, Evening', 92, 11, 'No'),
('13/01/2020', '13/01/2020 21:36:26', 'Breakfast, Dinner, Evening', 92, 11, 'No'),
('13/01/2020', '16/01/2020 21:13:35', 'Breakfast, Dinner, Evening', 92, 11, 'No'),
('15/01/2020', '16/01/2020 21:14:41', 'Breakfast, Lunch, Dinner, Evening', 92, 11, 'No'),
('16/01/2020', '16/01/2020 21:15:32', 'Breakfast, Dinner', 92, 10, 'No'),
('16/01/2020', '19/01/2020 19:11:42', 'Breakfast, Dinner', 92, 10, 'No'),
('18/01/2020', '19/01/2020 19:12:43', 'Breakfast, Lunch, Evening', 92, 10, 'Yes'),
('18/01/2020', '22/01/2020 21:30:30', 'Breakfast, Lunch, Evening', 92, 10, 'Yes'),
('22/01/2020', '22/01/2020 21:31:06', 'Breakfast, Dinner', 92, 9, 'No'),
('23/01/2020', '25/01/2020 08:35:43', 'Breakfast, Lunch, Evening', 92, 11, 'Yes'),
('24/01/2020', '25/01/2020 08:36:26', 'Breakfast, Dinner', 92, 12, 'No'),
('25/01/2020', '26/01/2020 10:06:06', 'Breakfast, Lunch, Dinner', 92, 12, 'Yes'),
('25/01/2020', '26/01/2020 21:15:19', 'Breakfast, Lunch, Dinner', 92, 12, 'Yes'),
('26/01/2020', '26/01/2020 21:16:01', 'Breakfast, Evening', 92, 10, 'No'),
('27/01/2020', '27/01/2020 21:16:41', 'Breakfast, Dinner, Evening', 92, 12, 'No'),
('27/01/2020', '29/01/2020 21:43:11', 'Breakfast, Dinner, Evening', 92, 12, 'No'),
('28/01/2020', '29/01/2020 21:44:08', 'Breakfast, Dinner, Evening', 92, 10, 'No'),
('29/01/2020', '29/01/2020 21:45:14', 'Breakfast, Dinner, Evening', 92, 11, 'No'),
('31/01/2020', '31/01/2020 21:43:00', 'Breakfast, Evening', 92, 9, 'Yes'),
('01/02/2020', '01/02/2020 21:32:58', 'Breakfast, Evening', 92, 9, 'Yes'),
('05/02/2020', '05/02/2020 21:31:25', 'Breakfast, Dinner, Evening', 92, 9, 'No'),
('05/02/2020', '07/02/2020 21:28:31', 'Breakfast, Dinner, Evening', 92, 9, 'No'),
('07/02/2020', '07/02/2020 21:29:43', 'Breakfast, Dinner', 92, 8, 'Yes'),
('08/02/2020', '08/02/2020 21:46:33', 'Breakfast, Evening', 92, 10, 'Yes'),
('08/02/2020', '09/02/2020 21:22:03', 'Breakfast, Evening', 92, 10, 'Yes'),
('09/02/2020', '09/02/2020 21:23:16', 'Breakfast, Dinner', 92, 10, 'No'),
('09/02/2020', '10/02/2020 21:55:25', 'Breakfast, Dinner', 92, 10, 'No'),
('11/02/2020', '10/02/2020 21:56:14', 'Breakfast, Dinner, Evening', 92, 11, 'No'),
('11/02/2020', '12/02/2020 22:16:37', 'Breakfast, Dinner, Evening', 92, 11, 'No'),
('12/02/2020', '12/02/2020 22:17:35', 'Breakfast, Lunch, Dinner, Evening', 92, 10, 'No'),
('12/02/2020', '13/02/2020 21:30:42', 'Breakfast, Lunch, Dinner, Evening', 92, 10, 'No'),
('13/02/2020', '13/02/2020 21:31:26', 'Breakfast, Dinner', 92, 10, 'No'),
('13/02/2020', '16/02/2020 21:16:44', 'Breakfast, Dinner', 92, 10, 'No'),
('15/02/2020', '16/02/2020 21:17:39', 'Breakfast, Lunch, Evening', 92, 10, 'Yes'),
('16/02/2020', '16/02/2020 21:18:25', 'Breakfast, Dinner', 92, 11, 'No'),
('17/02/2020', '17/02/2020 22:00:32', 'Breakfast, Dinner', 92, 9, 'No'),
('17/02/2020', '18/02/2020 21:41:32', 'Breakfast, Dinner', 92, 9, 'No'),
('18/02/2020', '18/02/2020 21:42:11', 'Breakfast, Dinner', 92, 10, 'No'),
('18/02/2020', '19/02/2020 20:30:32', 'Breakfast, Dinner', 92, 10, 'No'),
('19/02/2020', '19/02/2020 20:31:52', 'Breakfast, Lunch, Evening', 92, 10, 'No'),
('19/02/2020', '20/02/2020 21:33:13', 'Breakfast, Lunch, Evening', 92, 10, 'No'),
('20/02/2020', '20/02/2020 21:34:12', 'Breakfast, Dinner', 92, 9, 'No'),
('20/02/2020', '21/02/2020 20:40:10', 'Breakfast, Dinner', 92, 9, 'No'),
('20/02/2020', '21/02/2020 20:41:32', 'Breakfast, Dinner', 92, 9, 'Yes'),
('20/02/2020', '23/02/2020 17:44:37', 'Breakfast, Dinner', 92, 9, 'Yes'),
('22/02/2020', '23/02/2020 17:45:32', 'Breakfast, Evening', 92, 10, 'Yes'),
('22/02/2020', '24/02/2020 22:44:52', 'Breakfast, Evening', 92, 10, 'Yes'),
('24/02/2020', '24/02/2020 22:45:43', 'Breakfast, Lunch, Evening', 92, 8, 'No'),
('25/02/2020', '26/02/2020 16:26:24', 'Lunch, Evening', 92, 10, 'Yes'),
('25/02/2020', '28/02/2020 22:32:29', 'Lunch, Evening', 92, 10, 'Yes'),
('28/02/2020', '28/02/2020 22:33:20', 'Breakfast, Evening', 92, 9, 'Yes'),
('28/02/2020', '29/02/2020 21:36:20', 'Breakfast, Evening', 92, 9, 'Yes'),
('02/03/2020', '02/03/2020 22:51:01', 'Breakfast, Lunch, Evening', NULL, 11, 'No'),
('03/03/2020', '03/03/2020 21:28:45', 'Breakfast, Dinner', NULL, 10, 'Yes'),
('03/03/2020', '04/03/2020 21:55:23', 'Breakfast, Dinner', NULL, 10, 'Yes'),
('04/03/2020', '04/03/2020 21:56:17', 'Breakfast, Lunch, Evening', NULL, 10, 'Yes'),
('04/03/2020', '05/03/2020 21:16:03', 'Breakfast, Lunch, Evening', NULL, 10, 'Yes'),
('05/03/2020', '05/03/2020 21:16:53', 'Breakfast, Lunch, Dinner', NULL, 10, 'Yes'),
('05/03/2020', '08/03/2020 22:36:37', 'Breakfast, Lunch, Dinner', NULL, 10, 'Yes'),
('08/03/2020', '08/03/2020 22:37:23', 'Breakfast, Lunch, Dinner', NULL, 9, 'No'),
('08/03/2020', '10/03/2020 21:45:11', 'Breakfast, Lunch, Dinner', NULL, 9, 'No'),
('10/03/2020', '10/03/2020 21:46:08', 'Breakfast, Lunch, Evening', NULL, 7, 'Yes'),
('10/03/2020', '15/03/2020 21:21:08', 'Breakfast, Lunch, Evening', NULL, 7, 'Yes'),
('14/03/2020', '15/03/2020 21:22:03', 'Breakfast, Lunch, Evening', NULL, 10, 'Yes'),
('15/03/2020', '15/03/2020 21:22:50', 'Breakfast, Dinner', NULL, 9, 'No'),
('15/03/2020', '17/03/2020 21:49:10', 'Breakfast, Dinner', NULL, 9, 'No'),
('17/03/2020', '17/03/2020 21:49:57', 'Breakfast, Dinner', NULL, 10, 'No'),
('17/03/2020', '19/03/2020 21:57:05', 'Breakfast, Dinner', NULL, 10, 'No'),
('18/03/2020', '19/03/2020 21:58:42', 'Breakfast, Lunch, Dinner', NULL, 12, 'Yes'),
('22/03/2020', '23/03/2020 18:36:01', 'Breakfast, Lunch, Dinner', NULL, 10, 'No'),
('22/03/2020', '23/03/2020 21:43:16', 'Breakfast, Lunch, Dinner', NULL, 10, 'No'),
('23/03/2020', '23/03/2020 21:44:02', 'Breakfast, Lunch, Dinner', NULL, 9, 'No'),
('23/03/2020', '24/03/2020 21:30:33', 'Breakfast, Lunch, Dinner', NULL, 9, 'No'),
('24/03/2020', '24/03/2020 21:31:15', 'Breakfast, Lunch, Dinner', NULL, 9, 'No'),
('26/03/2020', '26/03/2020 22:18:44', 'Breakfast, Lunch, Dinner', NULL, 9, 'Yes'),
('26/03/2020', '29/03/2020 21:27:54', 'Breakfast, Lunch, Dinner', NULL, 9, 'Yes'),
('28/03/2020', '29/03/2020 21:28:35', 'Breakfast, Lunch, Evening', NULL, 10, 'Yes'),
('29/03/2020', '29/03/2020 21:29:19', 'Breakfast, Dinner', NULL, 11, 'No'),
('29/03/2020', '30/03/2020 21:32:09', 'Breakfast, Dinner', NULL, 11, 'No'),
('29/03/2020', '30/03/2020 21:32:55', 'Breakfast, Lunch, Dinner', NULL, 10, 'No');

INSERT INTO `Sleepp01` (`id`, `dateTime`, `startTime`, `endTime`, `minutesSleep`, `minutesAwake`, `timeInBed`, `efficiency`, `deepMinutes`, `wakeMinutes`, `lightMinutes`, `remMinutes`) VALUES
(1, '2/11/2019', '12:09:30 AM', '7:19:30 AM', 378, 52, 430, 97, 36, 52, 259, 83),
(2, '3/11/2019', '12:32:00 AM', '7:34:30 AM', 378, 44, 422, 96, 38, 44, 289, 51),
(3, '4/11/2019', '11:55:30 PM', '6:35:00 AM', 361, 38, 399, 96, 37, 38, 289, 35),
(4, '5/11/2019', '12:22:30 AM', '6:25:00 AM', 326, 36, 362, 99, 27, 36, 260, 39),
(5, '6/11/2019', '12:25:30 AM', '6:29:30 AM', 341, 23, 364, 99, 66, 23, 237, 38),
(6, '7/11/2019', '11:45:30 PM', '5:52:00 AM', 312, 54, 366, 97, 44, 54, 240, 28),
(7, '7/11/2019', '11:45:30 PM', '5:52:00 AM', 312, 54, 366, 97, 44, 54, 240, 28),
(8, '8/11/2019', '11:48:30 PM', '6:21:00 AM', 360, 32, 392, 100, 34, 32, 244, 82),
(9, '9/11/2019', '12:31:30 AM', '7:02:30 AM', 344, 47, 391, 99, 36, 47, 244, 64),
(10, '10/11/2019', '12:15:30 AM', '7:18:00 AM', 382, 40, 422, 99, 52, 40, 249, 81),
(11, '11/11/2019', '12:09:00 AM', '6:05:00 AM', 318, 38, 356, 97, 38, 38, 256, 24),
(12, '12/11/2019', '11:19:00 PM', '6:22:00 AM', 378, 45, 423, 98, 51, 45, 289, 38),
(13, '13/11/2019', '12:28:00 AM', '6:29:00 AM', 320, 41, 361, 97, 28, 41, 210, 82),
(14, '14/11/2019', '12:22:00 AM', '6:29:30 AM', 325, 42, 367, 99, 42, 42, 238, 45),
(15, '15/11/2019', '12:14:00 AM', '6:39:00 AM', 342, 43, 385, 95, 58, 43, 198, 86),
(16, '16/11/2019', '12:47:30 AM', '6:47:00 AM', 317, 42, 359, 93, 20, 42, 251, 46),
(17, '17/11/2019', '12:30:00 AM', '6:47:30 AM', 337, 40, 377, 96, 49, 40, 221, 67),
(18, '18/11/2019', '12:23:30 AM', '6:36:00 AM', 330, 42, 372, 98, 8, 42, 262, 60),
(19, '19/11/2019', '12:17:00 AM', '6:18:30 AM', 318, 43, 361, 96, 43, 43, 212, 63),
(20, '20/11/2019', '11:28:00 PM', '6:30:30 AM', 383, 39, 422, 97, 39, 39, 278, 66),
(21, '21/11/2019', '12:04:00 AM', '6:15:30 AM', 327, 44, 371, 98, 33, 44, 236, 58),
(22, '22/11/2019', '12:18:30 AM', '6:30:30 AM', 333, 39, 372, 97, 41, 39, 243, 49),
(23, '23/11/2019', '11:58:00 PM', '6:48:00 AM', 356, 54, 410, 98, 74, 54, 257, 25),
(24, '24/11/2019', '12:45:30 AM', '8:53:30 AM', 421, 67, 488, 95, 56, 67, 282, 83),
(25, '25/11/2019', '12:31:30 AM', '6:39:00 AM', 332, 35, 367, 98, 22, 35, 277, 33),
(26, '26/11/2019', '11:49:00 PM', '6:00:30 AM', 318, 53, 371, 98, 41, 53, 246, 31),
(27, '27/11/2019', '11:34:30 PM', '6:25:00 AM', 365, 45, 410, 97, 27, 45, 280, 58),
(28, '28/11/2019', '11:57:30 PM', '6:28:30 AM', 341, 50, 391, 94, 25, 50, 289, 27),
(29, '29/11/2019', '12:12:00 AM', '6:13:00 AM', 309, 52, 361, 93, 43, 52, 183, 83),
(30, '30/11/2019', '12:31:00 AM', '7:46:00 AM', 402, 33, 435, 97, 41, 33, 318, 43),
(31, '1/12/2019', '12:03:30 AM', '7:11:30 AM', 387, 41, 428, 96, 35, 41, 298, 54),
(32, '2/12/2019', '12:26:00 AM', '3:59:30 AM', 190, 23, 213, 95, 10, 23, 150, 30),
(33, '3/12/2019', '12:01:00 AM', '6:21:30 AM', 345, 35, 380, 98, 21, 35, 262, 62),
(34, '4/12/2019', '12:08:30 AM', '6:26:00 AM', 335, 42, 377, 94, 42, 42, 251, 42),
(35, '5/12/2019', '12:40:00 AM', '6:33:30 AM', 314, 39, 353, 95, 36, 39, 219, 59),
(36, '6/12/2019', '12:27:00 AM', '6:26:30 AM', 290, 69, 359, 89, 24, 69, 179, 87),
(37, '7/12/2019', '11:29:00 PM', '7:21:00 AM', 424, 48, 472, 94, 74, 48, 288, 62),
(38, '7/12/2019', '11:29:00 PM', '7:21:00 AM', 424, 48, 472, 94, 74, 48, 288, 62),
(39, '8/12/2019', '12:02:00 AM', '7:22:30 AM', 402, 38, 440, 97, 21, 38, 276, 105),
(40, '9/12/2019', '11:49:30 PM', '6:11:30 AM', 332, 50, 382, 94, 38, 50, 259, 35),
(41, '10/12/2019', '12:22:30 AM', '6:22:30 AM', 336, 24, 360, 99, 20, 24, 225, 91),
(42, '11/12/2019', '10:41:00 PM', '6:34:30 AM', 416, 57, 473, 94, 54, 57, 252, 110),
(43, '12/12/2019', '12:24:00 AM', '4:33:00 AM', 220, 29, 249, 96, 18, 29, 185, 17),
(44, '13/12/2019', '12:17:00 AM', '6:26:00 AM', 337, 32, 369, 96, 58, 32, 262, 17),
(45, '14/12/2019', '12:14:00 AM', '7:21:00 AM', 386, 41, 427, 97, 34, 41, 322, 30),
(46, '15/12/2019', '12:40:30 AM', '7:21:30 AM', 369, 32, 401, 97, 28, 32, 256, 85),
(47, '16/12/2019', '11:41:30 PM', '6:18:30 AM', 367, 30, 397, 99, 30, 30, 268, 69),
(48, '17/12/2019', '12:29:30 AM', '6:19:00 AM', 309, 40, 349, 97, 52, 40, 240, 17),
(49, '18/12/2019', '12:23:00 AM', '6:40:00 AM', 329, 48, 377, 94, 30, 48, 253, 46),
(50, '19/12/2019', '12:54:00 AM', '6:38:30 AM', 310, 34, 344, 96, 22, 34, 218, 70),
(51, '20/12/2019', '1:48:30 AM', '6:43:00 AM', 267, 27, 294, 95, 14, 27, 210, 43),
(52, '21/12/2019', '1:00:30 AM', '7:55:30 AM', 385, 30, 415, 99, 29, 30, 257, 99),
(53, '22/12/2019', '12:26:30 AM', '7:50:30 AM', 403, 41, 444, 97, 37, 41, 305, 61),
(54, '23/12/2019', '12:50:30 AM', '8:49:00 AM', 430, 48, 478, 95, 37, 48, 329, 64),
(55, '24/12/2019', '12:33:00 AM', '7:23:00 AM', 369, 41, 410, 98, 17, 41, 315, 37),
(56, '25/12/2019', '1:26:00 AM', '9:26:00 AM', 423, 57, 480, 97, 57, 57, 279, 87),
(57, '26/12/2019', '12:19:30 AM', '7:50:00 AM', 406, 44, 450, 96, 23, 44, 288, 95),
(58, '27/12/2019', '12:44:30 AM', '8:25:00 AM', 417, 43, 460, 94, 69, 43, 270, 78),
(59, '28/12/2019', '12:00:30 AM', '8:06:30 AM', 439, 47, 486, 94, 39, 47, 331, 69),
(60, '29/12/2019', '12:06:00 AM', '7:58:30 AM', 418, 54, 472, 96, 56, 54, 278, 84),
(61, '30/12/2019', '2:03:30 AM', '8:21:30 AM', 338, 40, 378, 98, 43, 40, 253, 42),
(62, '31/12/2019', '1:09:30 AM', '7:55:30 AM', 364, 42, 406, 97, 62, 42, 231, 71),
(63, '1/01/2020', '1:57:00 AM', '8:34:00 AM', 360, 37, 397, 98, 47, 37, 251, 62),
(64, '2/01/2020', '8:22:30 PM', '5:42:30 AM', 510, 50, 560, 96, 73, 50, 331, 106),
(65, '3/01/2020', '11:19:30 PM', '6:21:30 AM', 368, 54, 422, 96, 43, 54, 239, 86),
(66, '4/01/2020', '11:44:00 PM', '8:24:00 AM', 459, 61, 520, 99, 16, 61, 368, 75),
(67, '5/01/2020', '12:03:30 AM', '8:04:30 AM', 430, 51, 481, 96, 46, 51, 368, 16),
(68, '6/01/2020', '12:35:30 AM', '6:25:00 AM', 318, 31, 349, 99, 65, 31, 217, 36),
(69, '6/01/2020', '12:35:30 AM', '6:25:00 AM', 318, 31, 349, 99, 65, 31, 217, 36),
(70, '7/01/2020', '12:05:00 AM', '5:57:30 AM', 315, 37, 352, 98, 12, 37, 242, 61),
(71, '8/01/2020', '11:51:00 PM', '6:20:30 AM', 327, 62, 389, 90, 21, 62, 218, 88),
(72, '9/01/2020', '11:58:30 PM', '6:40:30 AM', 348, 54, 402, 93, 48, 54, 236, 64),
(73, '10/01/2020', '12:26:00 AM', '6:50:30 AM', 344, 40, 384, 93, 44, 40, 238, 62),
(74, '11/01/2020', '11:44:00 PM', '8:40:00 AM', 475, 61, 536, 96, 0, 61, 363, 112),
(75, '12/01/2020', '12:12:00 AM', '7:55:30 AM', 414, 49, 463, 98, 19, 49, 356, 39),
(76, '13/01/2020', '12:06:30 AM', '5:35:00 AM', 302, 26, 328, 99, 45, 26, 233, 24),
(77, '14/01/2020', '11:29:30 PM', '6:06:00 AM', 364, 32, 396, 97, 19, 32, 283, 62),
(78, '15/01/2020', '11:11:00 PM', '6:23:00 AM', 382, 50, 432, 93, 34, 50, 308, 40),
(79, '16/01/2020', '11:16:30 PM', '5:49:30 AM', 351, 42, 393, 99, 35, 42, 263, 53),
(80, '17/01/2020', '11:33:00 PM', '6:11:00 AM', 350, 48, 398, 96, 76, 48, 181, 93),
(81, '18/01/2020', '12:48:30 AM', '6:50:30 AM', 311, 51, 362, 99, 47, 51, 257, 7),
(82, '19/01/2020', '2:44:30 AM', '9:01:00 AM', 337, 39, 376, 97, 66, 39, 238, 33),
(83, '20/01/2020', '11:34:00 PM', '6:26:00 AM', 359, 53, 412, 99, 41, 53, 269, 49),
(84, '21/01/2020', '11:37:00 PM', '6:22:00 AM', 365, 40, 405, 97, 47, 40, 256, 62),
(85, '22/01/2020', '12:31:00 AM', '6:02:00 AM', 302, 29, 331, 99, 30, 29, 251, 21),
(86, '23/01/2020', '12:05:30 AM', '6:39:00 AM', 349, 44, 393, 98, 9, 44, 274, 66),
(87, '24/01/2020', '11:09:00 PM', '6:37:00 AM', 392, 56, 448, 94, 59, 56, 258, 75),
(88, '25/01/2020', '11:37:30 PM', '6:55:00 AM', 387, 50, 437, 97, 73, 50, 220, 94),
(89, '26/01/2020', '11:57:30 PM', '7:18:00 AM', 381, 59, 440, 95, 33, 59, 280, 68),
(90, '27/01/2020', '12:28:00 AM', '6:18:30 AM', 307, 43, 350, 99, 54, 43, 236, 17),
(91, '28/01/2020', '12:03:00 AM', '6:07:00 AM', 326, 38, 364, 97, 27, 38, 261, 38),
(92, '29/01/2020', '12:26:30 AM', '6:27:30 AM', 325, 36, 361, 99, 57, 36, 211, 57),
(93, '30/01/2020', '12:09:00 AM', '6:34:30 AM', 343, 42, 385, 98, 44, 42, 269, 30),
(94, '31/01/2020', '11:55:00 PM', '6:23:00 AM', 349, 39, 388, 97, 40, 39, 223, 86),
(95, '1/02/2020', '12:02:30 AM', '6:19:00 AM', 326, 50, 376, 97, 15, 50, 275, 36),
(96, '2/02/2020', '12:18:00 AM', '7:05:30 AM', 372, 35, 407, 99, 32, 35, 288, 52),
(97, '3/02/2020', '11:15:30 PM', '6:15:00 AM', 369, 50, 419, 95, 37, 50, 233, 99),
(98, '4/02/2020', '12:09:00 AM', '6:18:30 AM', 331, 38, 369, 98, 39, 38, 273, 19),
(99, '5/02/2020', '12:16:30 AM', '5:54:30 AM', 300, 38, 338, 99, 7, 38, 256, 37),
(100, '5/02/2020', '12:16:30 AM', '5:54:30 AM', 300, 38, 338, 99, 7, 38, 256, 37),
(101, '6/02/2020', '12:21:00 AM', '6:19:00 AM', 317, 41, 358, 96, 32, 41, 255, 30),
(102, '7/02/2020', '12:13:00 AM', '6:37:00 AM', 340, 44, 384, 95, 20, 44, 233, 87),
(103, '8/02/2020', '12:03:30 AM', '7:56:00 AM', 425, 47, 472, 99, 35, 47, 355, 35),
(104, '9/02/2020', '12:37:00 AM', '7:44:30 AM', 379, 48, 427, 94, 37, 48, 281, 61),
(105, '10/02/2020', '12:28:00 AM', '6:30:30 AM', 327, 35, 362, 99, 25, 35, 224, 78),
(106, '11/02/2020', '12:04:00 AM', '6:35:30 AM', 359, 32, 391, 97, 74, 32, 189, 96),
(107, '12/02/2020', '11:50:00 PM', '5:57:30 AM', 338, 29, 367, 98, 45, 29, 215, 78),
(108, '13/02/2020', '12:13:00 AM', '6:19:00 AM', 330, 36, 366, 98, 42, 36, 264, 24),
(109, '14/02/2020', '1:37:30 AM', '6:24:00 AM', 247, 39, 286, 100, 22, 39, 198, 27),
(110, '15/02/2020', '12:17:00 AM', '8:16:30 AM', 423, 56, 479, 94, 39, 56, 370, 14),
(111, '16/02/2020', '11:24:00 PM', '7:24:00 AM', 417, 63, 480, 96, 65, 63, 311, 41),
(112, '17/02/2020', '12:22:00 AM', '6:06:30 AM', 289, 55, 344, 95, 39, 55, 238, 12),
(113, '18/02/2020', '12:21:30 AM', '7:30:00 AM', 389, 39, 428, 97, 30, 39, 337, 22),
(114, '19/02/2020', '12:54:00 AM', '7:19:00 AM', 352, 33, 385, 99, 15, 33, 315, 22),
(115, '20/02/2020', '1:22:00 AM', '7:05:30 AM', 318, 25, 343, 99, 35, 25, 218, 65),
(116, '21/02/2020', '1:29:00 AM', '6:35:30 AM', 263, 43, 306, 98, 0, 43, 238, 25),
(117, '22/02/2020', '12:57:00 AM', '7:55:00 AM', 378, 40, 418, 97, 35, 40, 277, 66),
(118, '23/02/2020', '12:35:30 AM', '8:11:30 AM', 410, 46, 456, 95, 55, 46, 294, 61),
(119, '24/02/2020', '12:14:00 AM', '6:18:00 AM', 315, 49, 364, 95, 19, 49, 227, 69),
(120, '25/02/2020', '1:42:00 AM', '6:46:30 AM', 264, 40, 304, 97, 12, 40, 238, 14),
(121, '26/02/2020', '1:52:30 AM', '7:15:00 AM', 296, 26, 322, 97, 38, 26, 205, 53),
(122, '27/02/2020', '12:13:00 AM', '6:14:30 AM', 319, 42, 361, 96, 36, 42, 217, 66),
(123, '28/02/2020', '12:37:30 AM', '6:36:00 AM', 318, 40, 358, 94, 57, 40, 193, 68),
(124, '29/02/2020', '12:44:00 AM', '7:38:00 AM', 362, 52, 414, 94, 40, 52, 267, 55),
(125, '1/03/2020', '1:30:30 AM', '7:48:30 AM', 346, 32, 378, 96, 21, 32, 268, 57),
(126, '2/03/2020', '11:44:00 PM', '6:32:00 AM', 366, 42, 408, 94, 37, 42, 233, 96),
(127, '3/03/2020', '11:35:00 PM', '6:19:00 AM', 374, 30, 404, 99, 93, 30, 168, 113),
(128, '4/03/2020', '12:36:30 AM', '6:18:30 AM', 300, 42, 342, 96, 43, 42, 214, 43),
(129, '5/03/2020', '11:45:30 PM', '6:31:00 AM', 358, 47, 405, 97, 29, 47, 261, 68),
(130, '6/03/2020', '11:45:00 PM', '6:44:00 AM', 369, 50, 419, 94, 58, 50, 252, 59),
(131, '6/03/2020', '11:45:00 PM', '6:44:00 AM', 369, 50, 419, 94, 58, 50, 252, 59),
(132, '7/03/2020', '12:17:30 AM', '7:48:30 AM', 392, 59, 451, 97, 40, 59, 316, 36),
(133, '8/03/2020', '12:12:00 AM', '7:05:30 AM', 371, 42, 413, 96, 32, 42, 285, 54),
(134, '9/03/2020', '12:15:00 AM', '6:29:30 AM', 334, 40, 374, 98, 60, 40, 237, 37),
(135, '10/03/2020', '11:53:00 PM', '6:03:00 AM', 326, 44, 370, 97, 22, 44, 250, 54),
(136, '12/03/2020', '12:44:00 AM', '6:59:00 AM', 331, 44, 375, 97, 37, 44, 288, 6),
(137, '13/03/2020', '12:09:00 AM', '7:22:30 AM', 389, 44, 433, 94, 80, 44, 215, 94),
(138, '14/03/2020', '12:28:30 AM', '8:37:00 AM', 446, 42, 488, 98, 64, 42, 320, 62),
(139, '15/03/2020', '12:46:00 AM', '6:38:30 AM', 301, 51, 352, 95, 57, 51, 195, 49),
(140, '16/03/2020', '11:55:00 PM', '6:37:00 AM', 345, 57, 402, 98, 25, 57, 249, 71),
(141, '17/03/2020', '9:46:00 PM', '6:41:30 AM', 473, 62, 535, 100, 36, 62, 378, 59),
(142, '18/03/2020', '12:10:00 AM', '7:58:30 AM', 427, 41, 468, 99, 56, 41, 289, 82),
(143, '19/03/2020', '1:02:00 AM', '7:20:00 AM', 332, 46, 378, 97, 30, 46, 233, 69),
(144, '20/03/2020', '12:23:00 AM', '6:43:30 AM', 341, 39, 380, 99, 37, 39, 230, 74),
(145, '21/03/2020', '12:25:00 AM', '7:38:30 AM', 381, 52, 433, 98, 40, 52, 261, 80),
(146, '22/03/2020', '12:28:00 AM', '8:02:00 AM', 408, 46, 454, 98, 36, 46, 314, 58),
(147, '23/03/2020', '12:28:00 AM', '7:31:30 AM', 375, 48, 423, 99, 45, 48, 269, 61),
(148, '24/03/2020', '11:45:30 PM', '7:57:30 AM', 438, 54, 492, 98, 43, 54, 327, 68),
(149, '25/03/2020', '12:50:00 AM', '7:33:30 AM', 347, 56, 403, 99, 67, 56, 240, 40),
(150, '26/03/2020', '12:13:00 AM', '7:52:00 AM', 415, 44, 459, 98, 54, 44, 324, 37),
(151, '27/03/2020', '2:27:00 AM', '8:12:30 AM', 307, 38, 345, 97, 59, 38, 196, 52),
(152, '28/03/2020', '1:03:30 AM', '7:46:00 AM', 354, 48, 402, 96, 5, 48, 290, 59),
(153, '29/03/2020', '12:46:30 AM', '8:40:30 AM', 349, 65, 474, 99, 55, 65, 256, 38),
(154, '30/03/2020', '12:17:00 AM', '7:20:00 AM', 386, 37, 423, 98, 35, 37, 281, 70),
(155, '31/03/2020', '12:44:30 AM', '7:06:00 AM', 345, 36, 381, 98, 44, 36, 234, 67);

INSERT INTO `Wellnessp01` (`effective_time_frame`, `fatigue`, `mood`, `readiness`, `sleep_duration_h`, `sleep_quality`, `soreness`, `soreness_area`, `stress`) VALUES
('2019-11-01T08:31:40.751Z', 2, 3, 5, 6, 3, 2, '[12921003]', 3),
('2019-11-02T10:00:01.229Z', 2, 3, 6, 6, 3, 2, '[12921003]', 3),
('2019-11-03T14:28:03.263Z', 3, 3, 8, 6, 3, 3, '[]', 3),
('2019-11-04T07:05:28.429Z', 3, 3, 8, 6, 3, 3, '[]', 3),
('2019-11-05T06:13:35.998Z', 3, 3, 8, 5, 3, 3, '[]', 3),
('2019-11-06T07:13:02.320Z', 3, 3, 5, 5, 3, 2, '[48979004, 32696007]', 3),
('2019-11-07T06:39:25.426Z', 3, 3, 7, 5, 3, 3, '[]', 3),
('2019-11-08T09:05:09.558Z', 3, 3, 7, 6, 3, 3, '[]', 3),
('2019-11-09T08:00:27.364Z', 3, 3, 8, 6, 3, 3, '[]', 3),
('2019-11-10T20:38:08.787Z', 3, 3, 7, 6, 3, 3, '[]', 3),
('2019-11-12T07:33:27.703Z', 2, 3, 4, 6, 3, 2, '[48979004, 32696007]', 3),
('2019-11-13T09:46:33.438Z', 3, 3, 7, 5, 3, 3, '[]', 2),
('2019-11-14T06:14:23.179Z', 3, 2, 7, 5, 3, 3, '[]', 2),
('2019-11-15T05:38:25.987Z', 2, 3, 5, 6, 3, 2, '[48979004, 32696007, 12921003]', 3),
('2019-11-16T06:36:43.630Z', 2, 3, 6, 5, 2, 2, '[12921003]', 3),
('2019-11-17T05:54:30.271Z', 3, 4, 6, 5, 4, 2, '[12921003]', 3),
('2019-11-18T08:29:37.604Z', 2, 3, 8, 5, 2, 2, '[12921003]', 2),
('2019-11-19T06:31:46.844Z', 2, 3, 5, 5, 2, 2, '[48979004, 32696007, 12921003]', 3),
('2019-11-20T18:49:30.613Z', 2, 3, 7, 6, 3, 3, '[]', 2),
('2019-11-21T07:22:22.967Z', 3, 3, 7, 5, 3, 3, '[]', 3),
('2019-11-22T06:00:11.205Z', 2, 3, 4, 5, 3, 2, '[48979004, 32696007, 12921003]', 3),
('2019-11-23T07:02:46.080Z', 3, 3, 8, 5, 3, 2, '[12921003]', 3),
('2019-11-24T13:53:28.722Z', 3, 3, 6, 6, 2, 2, '[12921003]', 3),
('2019-11-25T07:04:27.705Z', 2, 3, 7, 5, 3, 2, '[48979004, 32696007, 12921003]', 3),
('2019-11-26T08:05:18.429Z', 3, 3, 7, 5, 3, 3, '[]', 3),
('2019-11-27T07:50:27.161Z', 2, 3, 5, 5, 3, 2, '[48979004, 32696007, 12921003]', 3),
('2019-11-28T06:45:55.836Z', 3, 3, 7, 5, 2, 3, '[]', 3),
('2019-11-29T09:16:47.947Z', 2, 3, 4, 5, 2, 2, '[12921003]', 3),
('2019-11-30T17:34:00.841Z', 2, 3, 6, 5, 3, 3, '[]', 3),
('2019-12-01T08:04:09.372Z', 3, 3, 7, 6, 3, 3, '[]', 3),
('2019-12-02T08:00:43.259Z', 3, 3, 8, 5, 2, 3, '[]', 3),
('2019-12-03T07:23:04.819Z', 3, 3, 7, 5, 3, 3, '[]', 3),
('2019-12-04T08:31:12.920Z', 2, 3, 5, 5, 2, 2, '[48979004, 32696007]', 3),
('2019-12-05T07:24:30.844Z', 2, 3, 6, 5, 2, 3, '[]', 3),
('2019-12-06T07:02:10.649Z', 2, 3, 3, 4, 2, 2, '[48979004, 32696007, 12921003]', 3),
('2019-12-07T08:00:35.229Z', 2, 3, 6, 7, 3, 2, '[12921003]', 3),
('2019-12-08T08:50:37.699Z', 3, 3, 6, 6, 3, 2, '[12921003]', 3),
('2019-12-09T08:17:24.878Z', 2, 3, 4, 5, 2, 3, '[]', 3),
('2019-12-10T08:36:39.339Z', 2, 3, 4, 5, 3, 3, '[]', 3),
('2019-12-13T09:02:18.615Z', 2, 3, 6, 5, 2, 3, '[]', 3),
('2019-12-14T15:08:29.136Z', 3, 3, 6, 6, 3, 3, '[]', 3),
('2019-12-15T20:35:51.943Z', 2, 3, 7, 6, 3, 3, '[]', 3),
('2019-12-16T08:17:05.284Z', 3, 3, 7, 6, 3, 3, '[]', 3),
('2019-12-17T20:19:19.604Z', 4, 3, 7, 5, 3, 3, '[]', 3),
('2019-12-21T11:52:58.365Z', 3, 3, 7, 6, 3, 3, '[]', 2),
('2019-12-22T07:00:15.485Z', 3, 3, 7, 6, 3, 3, '[]', 3),
('2019-12-23T08:25:34.443Z', 3, 3, 7, 5, 3, 3, '[]', 3),
('2019-12-25T11:04:46.100Z', 3, 3, 8, 7, 3, 3, '[]', 3),
('2019-12-26T14:06:50.153Z', 3, 3, 7, 7, 3, 3, '[]', 3),
('2019-12-27T08:50:24.996Z', 2, 3, 4, 7, 2, 2, '[48979004, 32696007]', 3),
('2019-12-28T19:34:52.387Z', 2, 3, 5, 6, 2, 2, '[48979004, 32696007, 12921003]', 3),
('2019-12-29T08:41:48.839Z', 2, 3, 6, 6, 3, 2, '[48979004, 32696007, 12921003]', 3),
('2019-12-30T08:17:11.894Z', 2, 3, 6, 5, 3, 2, '[48979004, 32696007]', 3),
('2020-01-01T10:56:15.294Z', 3, 3, 7, 5, 3, 3, '[]', 3),
('2020-01-02T08:12:01.859Z', 3, 3, 7, 8, 3, 2, '[12921003]', 3),
('2020-01-03T07:17:54.940Z', 3, 3, 7, 5, 3, 3, '[]', 3),
('2020-01-04T09:17:04.540Z', 2, 2, 5, 7, 3, 2, '[48979004, 12921003]', 3),
('2020-01-06T05:25:40.497Z', 2, 3, 5, 5, 2, 2, '[48979004, 32696007, 12921003]', 2),
('2020-01-07T10:35:32.120Z', 2, 3, 6, 5, 2, 2, '[48979004]', 3),
('2020-01-08T11:23:48.712Z', 2, 2, 6, 5, 2, 2, '[48979004, 32696007, 12921003]', 2),
('2020-01-09T07:04:16.765Z', 2, 1, 7, 4, 1, 2, '[12921003]', 2),
('2020-01-10T07:42:05.267Z', 2, 3, 5, 5, 2, 3, '[]', 3),
('2020-01-11T09:56:17.547Z', 3, 3, 5, 7, 3, 3, '[]', 3),
('2020-01-12T08:56:59.915Z', 3, 3, 6, 6, 3, 3, '[]', 3),
('2020-01-13T18:00:00.953Z', 2, 3, 5, 5, 2, 3, '[]', 3),
('2020-01-14T07:06:07.074Z', 3, 3, 7, 6, 3, 3, '[]', 3),
('2020-01-15T05:39:20.077Z', 3, 3, 4, 6, 3, 2, '[48979004, 32696007, 12921003]', 3),
('2020-01-16T09:50:15.157Z', 3, 3, 7, 6, 3, 3, '[]', 3),
('2020-01-17T06:58:30.205Z', 3, 3, 6, 6, 3, 2, '[48979004, 32696007]', 3),
('2020-01-18T08:04:31.262Z', 3, 3, 7, 5, 3, 2, '[48979004, 32696007]', 3),
('2020-01-19T08:38:03.384Z', 2, 3, 4, 6, 3, 2, '[48979004, 32696007, 12921003]', 3),
('2020-01-20T08:33:26.650Z', 3, 3, 5, 6, 3, 2, '[48979004, 32696007, 12921003]', 2),
('2020-01-21T08:00:23.367Z', 3, 3, 7, 6, 3, 3, '[]', 3),
('2020-01-22T08:08:47.681Z', 2, 3, 6, 5, 3, 3, '[]', 3),
('2020-01-23T20:53:11.224Z', 3, 3, 6, 5, 3, 3, '[]', 3),
('2020-01-24T12:21:58.499Z', 3, 3, 4, 6, 3, 2, '[48979004, 32696007, 12921003]', 3),
('2020-01-26T08:11:52.253Z', 2, 3, 4, 6, 2, 2, '[12921003]', 3),
('2020-01-27T08:00:14.059Z', 2, 3, 6, 5, 3, 2, '[12921003]', 3),
('2020-01-28T08:48:51.760Z', 3, 3, 7, 5, 3, 3, '[]', 3),
('2020-01-29T08:27:21.439Z', 2, 3, 7, 5, 3, 3, '[]', 3),
('2020-01-30T09:05:00.590Z', 3, 3, 8, 5, 3, 3, '[]', 3),
('2020-01-31T05:36:15.867Z', 1, 3, 3, 5, 3, 2, '[48979004, 32696007, 12921003]', 3),
('2020-02-01T07:30:39.980Z', 2, 3, 5, 5, 2, 2, '[12921003]', 3),
('2020-02-02T08:01:23.085Z', 3, 4, 7, 6, 3, 3, '[]', 3),
('2020-02-03T08:00:28.994Z', 2, 3, 6, 5, 2, 2, '[12921003]', 3),
('2020-02-04T10:24:06.532Z', 3, 3, 7, 5, 3, 3, '[]', 3),
('2020-02-05T06:59:27.721Z', 3, 3, 8, 5, 3, 3, '[]', 3),
('2020-02-06T07:31:26.341Z', 3, 3, 6, 5, 3, 2, '[48979004, 32696007, 12921003]', 3),
('2020-02-07T05:55:30.958Z', 2, 3, 3, 5, 2, 1, '[48979004, 32696007, 12921003]', 3),
('2020-02-08T09:08:21.547Z', 2, 3, 5, 7, 3, 2, '[48979004, 32696007, 12921003]', 3),
('2020-02-09T08:42:48.436Z', 3, 3, 7, 6, 3, 3, '[]', 3),
('2020-02-10T06:48:59.633Z', 3, 3, 8, 5, 3, 3, '[]', 3),
('2020-02-11T20:36:45.914Z', 2, 3, 6, 6, 3, 2, '[12921003]', 3),
('2020-02-12T09:38:23.865Z', 2, 3, 7, 5, 2, 2, '[48979004, 32696007]', 3),
('2020-02-13T12:55:06.978Z', 3, 3, 7, 5, 2, 3, '[]', 3),
('2020-02-14T08:02:26.929Z', 1, 3, 3, 4, 2, 2, '[48979004, 32696007, 12921003]', 3),
('2020-02-15T09:00:23.377Z', 2, 3, 4, 7, 3, 3, '[]', 3),
('2020-02-17T22:18:38.519Z', 3, 3, 5, 5, 3, 3, '[]', 3),
('2020-02-18T08:10:14.902Z', 3, 3, 6, 6, 3, 3, '[]', 3),
('2020-02-19T10:04:33.865Z', 3, 3, 7, 6, 3, 3, '[]', 3),
('2020-02-20T08:00:31.498Z', 3, 3, 8, 5, 3, 3, '[]', 3),
('2020-02-21T07:28:18.063Z', 3, 3, 8, 4, 3, 3, '[]', 3),
('2020-02-22T08:00:35.086Z', 2, 3, 5, 6, 3, 2, '[48979004, 32696007, 12921003]', 3),
('2020-02-23T09:00:23.827Z', 2, 3, 6, 6, 3, 3, '[]', 3),
('2020-02-24T21:51:11.871Z', 3, 3, 6, 5, 3, 2, '[12921003]', 3),
('2020-02-25T08:00:26.970Z', 3, 3, 7, 4, 3, 3, '[]', 3),
('2020-02-26T07:43:51.288Z', 3, 3, 8, 4, 3, 3, '[]', 3),
('2020-02-27T09:00:16.666Z', 2, 3, 6, 5, 3, 2, '[48979004, 32696007]', 3),
('2020-02-28T08:02:27.747Z', 2, 3, 3, 5, 2, 2, '[48979004, 32696007, 12921003]', 3),
('2020-02-29T08:02:32.978Z', 3, 3, 5, 6, 3, 2, '[12921003]', 3),
('2020-03-01T11:19:20.552Z', 3, 3, 6, 5, 3, 2, '[12921003]', 3),
('2020-03-02T05:44:55.857Z', 2, 3, 3, 6, 3, 2, '[48979004, 32696007, 12921003, 22943007]', 3),
('2020-03-03T06:53:52.028Z', 3, 3, 6, 6, 3, 2, '[12921003, 22943007, 368208006, 368209003]', 3),
('2020-03-04T08:00:48.150Z', 3, 3, 7, 5, 2, 2, '[12921003]', 3),
('2020-03-05T10:40:49.764Z', 3, 3, 8, 6, 3, 3, '[]', 2),
('2020-03-06T09:15:18.645Z', 2, 3, 2, 6, 2, 1, '[48979004, 32696007, 12921003, 22943007]', 3),
('2020-03-07T08:01:48.211Z', 3, 3, 6, 6, 3, 2, '[12921003]', 3),
('2020-03-08T08:06:45.340Z', 3, 3, 7, 6, 2, 3, '[]', 3),
('2020-03-09T10:28:36.473Z', 3, 3, 7, 5, 3, 3, '[]', 3),
('2020-03-10T09:02:23.461Z', 3, 3, 8, 5, 3, 3, '[]', 3),
('2020-03-12T08:05:31.611Z', 3, 3, 7, 5, 3, 2, '[]', 3),
('2020-03-13T10:02:31.429Z', 3, 3, 8, 6, 3, 3, '[]', 3),
('2020-03-14T08:59:49.345Z', 3, 3, 8, 7, 3, 3, '[]', 3),
('2020-03-15T22:48:57.301Z', 2, 3, 4, 5, 2, 2, '[48979004, 32696007, 12921003]', 3),
('2020-03-16T06:52:28.674Z', 2, 3, 6, 5, 2, 2, '[48979004, 32696007, 12921003]', 3),
('2020-03-17T07:13:38.245Z', 2, 3, 7, 7, 3, 3, '[]', 2),
('2020-03-18T22:13:50.889Z', 3, 3, 7, 5, 2, 3, '[]', 2),
('2020-03-19T16:19:53.035Z', 2, 3, 7, 5, 2, 3, '[]', 2),
('2020-03-20T11:08:03.454Z', 2, 2, 7, 5, 2, 3, '[]', 2),
('2020-03-21T11:00:39.448Z', 2, 3, 7, 6, 3, 2, '[12921003]', 2),
('2020-03-22T08:01:05.025Z', 3, 3, 8, 6, 3, 3, '[]', 3),
('2020-03-23T09:39:13.863Z', 3, 3, 8, 6, 3, 3, '[]', 3),
('2020-03-24T17:03:13.372Z', 3, 3, 8, 7, 3, 3, '[]', 2),
('2020-03-25T11:25:45.031Z', 3, 3, 8, 5, 2, 3, '[]', 3),
('2020-03-27T21:44:34.942Z', 2, 2, 6, 5, 2, 3, '[]', 2),
('2020-03-28T12:07:09.493Z', 3, 3, 8, 6, 3, 3, '[]', 3),
('2020-03-29T08:02:16.282Z', 3, 3, 8, 5, 3, 3, '[]', 3),
('2020-03-30T07:24:02.816Z', 3, 3, 8, 6, 3, 3, '[]', 3);

INSERT INTO `Wellnessp02` (`effective_time_frame`, `fatigue`, `mood`, `readiness`, `sleep_duration_h`, `sleep_quality`, `soreness`, `soreness_area`, `stress`) VALUES
('2019-11-03T20:02:05.599Z', 3, 4, 8, 9, 4, 3, '[]', 4),
('2019-11-06T20:00:40.153Z', 4, 3, 7, 7, 2, 3, '[]', 3),
('2019-11-07T19:54:19.353Z', 3, 3, 7, 7, 3, 2, '[12921003]', 3),
('2019-11-08T08:49:32.440Z', 3, 3, 7, 7, 3, 3, '[]', 3),
('2019-11-09T11:37:24.702Z', 3, 3, 5, 7, 3, 3, '[]', 3),
('2019-11-10T10:17:14.743Z', 3, 3, 6, 6, 3, 3, '[]', 3),
('2019-11-11T20:07:25.796Z', 3, 3, 8, 6, 3, 3, '[]', 3),
('2019-11-13T13:50:54.685Z', 3, 2, 6, 7, 3, 3, '[]', 3),
('2019-11-15T08:00:31.756Z', 3, 3, 5, 6, 3, 3, '[]', 3),
('2019-11-17T10:07:32.818Z', 3, 3, 4, 7, 3, 3, '[]', 3),
('2019-11-18T08:24:38.763Z', 3, 3, 5, 7, 3, 3, '[]', 3),
('2019-11-19T08:00:26.133Z', 2, 3, 4, 7, 3, 2, '[12921003]', 3),
('2019-11-20T08:29:43.261Z', 3, 3, 6, 7, 3, 3, '[]', 3),
('2019-11-22T08:38:43.971Z', 3, 3, 4, 6, 3, 3, '[]', 3),
('2019-11-23T14:35:23.949Z', 3, 3, 5, 6, 3, 3, '[]', 3),
('2019-11-24T15:19:07.633Z', 3, 3, 2, 6, 3, 3, '[]', 3),
('2019-11-25T06:39:55.539Z', 3, 3, 6, 6, 3, 3, '[]', 3),
('2019-11-26T10:23:43.693Z', 3, 3, 6, 6, 3, 3, '[]', 3),
('2019-11-28T08:16:17.633Z', 3, 3, 6, 6, 3, 3, '[]', 3),
('2019-11-29T08:50:54.628Z', 3, 3, 5, 5, 3, 3, '[]', 3),
('2019-12-01T13:43:15.936Z', 3, 3, 2, 8, 3, 3, '[]', 3),
('2019-12-02T17:25:32.997Z', 3, 3, 2, 6, 3, 3, '[]', 3),
('2019-12-03T08:00:20.981Z', 3, 3, 2, 6, 3, 3, '[]', 3),
('2019-12-04T21:05:35.914Z', 3, 3, 2, 6, 3, 3, '[]', 3),
('2019-12-05T08:45:13.872Z', 3, 3, 3, 6, 3, 3, '[]', 3),
('2019-12-07T13:54:19.186Z', 3, 3, 4, 6, 3, 3, '[]', 3),
('2019-12-08T17:07:41.397Z', 3, 3, 4, 6, 3, 3, '[]', 3),
('2019-12-10T06:45:26.915Z', 3, 3, 5, 6, 3, 3, '[]', 3),
('2019-12-12T20:04:56.746Z', 3, 3, 5, 6, 3, 3, '[]', 3),
('2019-12-14T17:10:19.267Z', 3, 3, 4, 7, 3, 3, '[]', 3),
('2019-12-15T09:52:06.319Z', 3, 3, 4, 7, 3, 3, '[]', 3),
('2019-12-19T07:11:43.166Z', 3, 3, 5, 6, 3, 3, '[]', 3),
('2019-12-20T09:22:43.204Z', 3, 3, 4, 7, 3, 3, '[]', 3),
('2019-12-21T18:12:15.675Z', 3, 3, 5, 7, 3, 3, '[]', 3),
('2019-12-23T08:07:30.505Z', 3, 3, 3, 7, 3, 3, '[]', 3),
('2019-12-24T08:30:49.786Z', 3, 3, 3, 7, 3, 3, '[]', 3),
('2019-12-26T09:21:21.289Z', 3, 3, 3, 7, 3, 3, '[]', 3),
('2019-12-27T13:09:43.881Z', 3, 3, 4, 7, 3, 3, '[]', 3),
('2019-12-28T08:22:29.688Z', 3, 3, 4, 7, 3, 3, '[]', 3),
('2019-12-29T11:57:02.796Z', 3, 3, 3, 7, 3, 3, '[]', 3),
('2019-12-31T08:00:15.168Z', 3, 3, 5, 7, 3, 3, '[]', 3),
('2020-01-01T12:24:25.508Z', 3, 3, 2, 7, 3, 3, '[]', 3),
('2020-01-02T14:51:58.099Z', 3, 3, 6, 7, 3, 4, '[]', 3),
('2020-01-05T14:25:35.196Z', 3, 3, 5, 7, 3, 3, '[]', 3),
('2020-01-07T11:00:06.188Z', 3, 3, 5, 6, 2, 3, '[]', 3),
('2020-01-09T17:39:42.890Z', 3, 3, 4, 6, 3, 3, '[]', 3),
('2020-01-10T08:00:26.267Z', 3, 3, 5, 7, 2, 3, '[]', 3),
('2020-01-11T09:42:49.960Z', 3, 3, 4, 6, 3, 2, '[12921003]', 3),
('2020-01-13T06:37:47.867Z', 3, 3, 5, 6, 3, 3, '[]', 3),
('2020-01-14T19:40:36.182Z', 3, 3, 6, 7, 3, 3, '[]', 3),
('2020-01-17T17:20:38.562Z', 3, 3, 7, 6, 3, 3, '[]', 3),
('2020-01-18T08:01:39.610Z', 3, 3, 4, 6, 3, 3, '[]', 3),
('2020-01-20T17:07:27.450Z', 2, 3, 3, 6, 3, 3, '[]', 3),
('2020-01-23T08:00:34.882Z', 3, 3, 5, 5, 3, 3, '[]', 3),
('2020-01-24T08:19:03.744Z', 3, 3, 4, 6, 3, 3, '[]', 3),
('2020-01-25T07:36:56.776Z', 3, 3, 3, 6, 3, 3, '[]', 3),
('2020-01-26T09:04:34.742Z', 3, 3, 3, 5, 3, 3, '[]', 3),
('2020-01-29T09:46:54.279Z', 3, 3, 5, 7, 3, 3, '[]', 3),
('2020-01-31T12:45:38.735Z', 3, 3, 5, 7, 3, 3, '[]', 3),
('2020-02-02T09:38:32.462Z', 3, 3, 6, 6, 3, 3, '[]', 3),
('2020-02-05T14:02:40.078Z', 3, 3, 5, 6, 3, 3, '[]', 3),
('2020-02-07T20:26:26.950Z', 3, 3, 5, 7, 3, 3, '[]', 3),
('2020-02-08T16:27:40.270Z', 3, 3, 5, 6, 2, 3, '[]', 3),
('2020-02-09T10:09:04.257Z', 3, 3, 5, 7, 3, 3, '[]', 3),
('2020-02-10T06:34:37.306Z', 3, 3, 5, 7, 3, 3, '[]', 3),
('2020-02-11T06:21:01.848Z', 3, 3, 5, 6, 3, 3, '[]', 3),
('2020-02-12T09:16:38.196Z', 3, 3, 5, 6, 3, 3, '[]', 3),
('2020-02-14T16:08:25.099Z', 3, 3, 4, 5, 3, 3, '[]', 3),
('2020-02-16T20:15:45.238Z', 3, 3, 6, 6, 3, 3, '[]', 3),
('2020-02-17T10:23:15.700Z', 3, 3, 5, 7, 3, 3, '[]', 3),
('2020-02-18T10:14:45.736Z', 3, 3, 5, 6, 3, 2, '[12921003]', 3),
('2020-02-19T10:57:42.117Z', 3, 3, 7, 7, 3, 3, '[]', 3),
('2020-02-21T19:43:03.292Z', 3, 3, 6, 6, 3, 4, '[]', 3),
('2020-02-22T08:44:10.548Z', 3, 4, 5, 6, 3, 3, '[]', 4),
('2020-02-23T15:47:42.439Z', 3, 3, 6, 7, 3, 3, '[]', 3),
('2020-02-24T20:57:33.205Z', 3, 3, 5, 7, 3, 3, '[]', 3),
('2020-02-25T09:50:41.550Z', 3, 3, 5, 6, 3, 3, '[]', 3),
('2020-02-26T15:24:23.772Z', 3, 4, 6, 5, 3, 3, '[]', 3),
('2020-02-27T16:25:59.471Z', 3, 4, 7, 6, 3, 3, '[]', 4),
('2020-02-28T21:31:30.563Z', 3, 3, 5, 5, 3, 3, '[]', 3),
('2020-02-29T15:46:50.277Z', 3, 3, 6, 7, 3, 3, '[]', 3),
('2020-03-01T08:04:17.128Z', 3, 3, 6, 7, 3, 3, '[]', 3),
('2020-03-02T10:13:32.902Z', 3, 3, 6, 7, 3, 3, '[]', 3),
('2020-03-03T08:38:27.257Z', 3, 3, 6, 7, 3, 2, '[12921003]', 3),
('2020-03-04T07:32:54.857Z', 3, 3, 5, 6, 3, 2, '[48979004]', 3),
('2020-03-06T12:23:19.730Z', 3, 3, 5, 7, 3, 3, '[]', 3),
('2020-03-07T08:28:06.906Z', 3, 3, 5, 6, 3, 3, '[]', 3),
('2020-03-08T08:00:14.465Z', 3, 3, 4, 7, 3, 3, '[]', 3),
('2020-03-11T08:00:48.100Z', 3, 3, 5, 7, 3, 3, '[]', 3),
('2020-03-13T20:15:20.382Z', 3, 3, 4, 7, 3, 3, '[]', 3),
('2020-03-17T08:13:23.686Z', 3, 3, 5, 6, 3, 3, '[]', 3),
('2020-03-19T20:56:31.830Z', 3, 3, 6, 7, 3, 3, '[]', 3),
('2020-03-20T08:18:19.045Z', 3, 3, 4, 6, 2, 3, '[]', 3),
('2020-03-21T20:21:34.918Z', 3, 3, 4, 6, 3, 3, '[]', 3),
('2020-03-23T17:33:20.601Z', 3, 3, 6, 7, 3, 3, '[]', 3),
('2020-03-25T10:43:39.449Z', 3, 3, 5, 7, 3, 3, '[]', 3),
('2020-03-26T21:17:42.170Z', 3, 3, 5, 7, 3, 3, '[]', 3),
('2020-03-29T19:26:13.692Z', 3, 3, 3, 7, 3, 1, '[12921003]', 3),
('2020-03-30T07:06:14.491Z', 3, 3, 3, 7, 3, 2, '[12921003]', 3);



/*!40101 SET SQL_MODE=@OLD_SQL_MODE */;
/*!40014 SET FOREIGN_KEY_CHECKS=@OLD_FOREIGN_KEY_CHECKS */;
/*!40014 SET UNIQUE_CHECKS=@OLD_UNIQUE_CHECKS */;
/*!40101 SET CHARACTER_SET_CLIENT=@OLD_CHARACTER_SET_CLIENT */;
/*!40101 SET CHARACTER_SET_RESULTS=@OLD_CHARACTER_SET_RESULTS */;
/*!40101 SET COLLATION_CONNECTION=@OLD_COLLATION_CONNECTION */;
/*!40111 SET SQL_NOTES=@OLD_SQL_NOTES */;